city,week_day,date,temp_low1,time1,temp_high1,NA1,NA2,temp_low2,time2,temp_high2,NA3,NA4,temp_low3,time3,temp_high3,NA5,NA6,temp_low4,time4,temp_high4,NA7,NA8
birmingham,Tue, Jan 1,57,12am,61,NA,NA,57,6am,63,NA,NA,57,12pm,63,NA,NA,52,6pm,54,NA,NA
birmingham,Wed, Jan 2,48,12am,52,NA,NA,48,6am,54,NA,NA,52,12pm,54,NA,NA,50,6pm,52,NA,NA
birmingham,Thu, Jan 3,50,12am,52,NA,NA,50,6am,54,NA,NA,54,12pm,54,NA,NA,54,6pm,55,NA,NA
birmingham,Fri, Jan 4,55,12am,63,NA,NA,48,6am,63,NA,NA,46,12pm,50,NA,NA,43,6pm,46,NA,NA
birmingham,Sat, Jan 5,39,12am,43,NA,NA,39,6am,55,NA,NA,52,12pm,61,NA,NA,41,6pm,46,NA,NA
birmingham,Sun, Jan 6,37,12am,39,NA,NA,36,6am,61,NA,NA,54,12pm,66,NA,NA,43,6pm,52,NA,NA
birmingham,Mon, Jan 7,43,12am,46,NA,NA,46,6am,64,NA,NA,61,12pm,68,NA,NA,59,6pm,61,NA,NA
birmingham,Tue, Jan 8,57,12am,61,NA,NA,57,6am,66,NA,NA,63,12pm,70,NA,NA,52,6pm,61,NA,NA
birmingham,Wed, Jan 9,43,12am,48,NA,NA,43,6am,52,NA,NA,46,12pm,54,NA,NA,37,6pm,43,NA,NA
birmingham,Thu, Jan 10,30,12am,36,NA,NA,30,6am,43,NA,NA,37,12pm,46,NA,NA,28,6pm,36,NA,NA
birmingham,Fri, Jan 11,27,12am,30,NA,NA,27,6am,48,NA,NA,45,12pm,54,NA,NA,45,6pm,48,NA,NA
birmingham,Sat, Jan 12,46,12am,48,NA,NA,48,6am,52,NA,NA,48,12pm,52,NA,NA,48,6pm,48,NA,NA
birmingham,Sun, Jan 13,46,12am,52,NA,NA,45,6am,52,NA,NA,45,12pm,50,NA,NA,43,6pm,45,NA,NA
birmingham,Mon, Jan 14,39,12am,41,NA,NA,39,6am,43,NA,NA,39,12pm,43,NA,NA,37,6pm,39,NA,NA
birmingham,Tue, Jan 15,37,12am,39,NA,NA,37,6am,39,NA,NA,39,12pm,41,NA,NA,30,6pm,37,NA,NA
birmingham,Wed, Jan 16,28,12am,30,NA,NA,28,6am,48,NA,NA,45,12pm,54,NA,NA,36,6pm,43,NA,NA
birmingham,Thu, Jan 17,34,12am,41,NA,NA,41,6am,48,NA,NA,48,12pm,50,NA,NA,48,6pm,52,NA,NA
birmingham,Fri, Jan 18,52,12am,52,NA,NA,48,6am,55,NA,NA,55,12pm,61,NA,NA,52,6pm,54,NA,NA
birmingham,Sat, Jan 19,54,12am,57,NA,NA,57,6am,64,NA,NA,57,12pm,64,NA,NA,36,6pm,54,NA,NA
birmingham,Sun, Jan 20,32,12am,34,NA,NA,32,6am,34,NA,NA,32,12pm,37,NA,NA,28,6pm,32,NA,NA
birmingham,Mon, Jan 21,23,12am,27,NA,NA,21,6am,37,NA,NA,39,12pm,43,NA,NA,36,6pm,37,NA,NA
birmingham,Tue, Jan 22,36,12am,37,NA,NA,37,6am,52,NA,NA,50,12pm,54,NA,NA,52,6pm,54,NA,NA
birmingham,Wed, Jan 23,54,12am,55,NA,NA,57,6am,61,NA,NA,54,12pm,59,NA,NA,43,6pm,54,NA,NA
birmingham,Thu, Jan 24,34,12am,39,NA,NA,34,6am,37,NA,NA,39,12pm,45,NA,NA,36,6pm,37,NA,NA
birmingham,Fri, Jan 25,27,12am,34,NA,NA,28,6am,43,NA,NA,43,12pm,48,NA,NA,28,6pm,37,NA,NA
birmingham,Sat, Jan 26,27,12am,28,NA,NA,30,6am,50,NA,NA,45,12pm,52,NA,NA,36,6pm,41,NA,NA
birmingham,Sun, Jan 27,32,12am,34,NA,NA,32,6am,52,NA,NA,46,12pm,55,NA,NA,36,6pm,43,NA,NA
birmingham,Mon, Jan 28,36,12am,41,NA,NA,36,6am,57,NA,NA,57,12pm,61,NA,NA,54,6pm,55,NA,NA
birmingham,Tue, Jan 29,34,12am,48,NA,NA,30,6am,36,NA,NA,32,12pm,39,NA,NA,25,6pm,30,NA,NA
birmingham,Wed, Jan 30,21,12am,25,NA,NA,21,6am,39,NA,NA,37,12pm,43,NA,NA,27,6pm,36,NA,NA
birmingham,Thu, Jan 31,27,12am,34,NA,NA,28,6am,50,NA,NA,46,12pm,55,NA,NA,36,6pm,45,NA,NA
birmingham,Fri, Feb 1,41,12am,45,NA,NA,37,6am,57,NA,NA,54,12pm,63,NA,NA,41,6pm,50,NA,NA
birmingham,Sat, Feb 2,39,12am,46,NA,NA,39,6am,64,NA,NA,63,12pm,70,NA,NA,55,6pm,63,NA,NA
birmingham,Sun, Feb 3,50,12am,55,NA,NA,52,6am,66,NA,NA,63,12pm,72,NA,NA,54,6pm,61,NA,NA
birmingham,Mon, Feb 4,55,12am,55,NA,NA,55,6am,61,NA,NA,61,12pm,66,NA,NA,63,6pm,64,NA,NA
birmingham,Tue, Feb 5,61,12am,63,NA,NA,61,6am,66,NA,NA,68,12pm,70,NA,NA,64,6pm,66,NA,NA
birmingham,Wed, Feb 6,64,12am,66,NA,NA,66,6am,73,NA,NA,72,12pm,75,NA,NA,68,6pm,72,NA,NA
birmingham,Thu, Feb 7,66,12am,68,NA,NA,66,6am,75,NA,NA,73,12pm,77,NA,NA,57,6pm,73,NA,NA
birmingham,Fri, Feb 8,43,12am,55,NA,NA,41,6am,45,NA,NA,41,12pm,48,NA,NA,37,6pm,41,NA,NA
birmingham,Sat, Feb 9,34,12am,36,NA,NA,34,6am,48,NA,NA,46,12pm,52,NA,NA,45,6pm,48,NA,NA
birmingham,Sun, Feb 10,46,12am,48,NA,NA,45,6am,48,NA,NA,48,12pm,54,NA,NA,54,6pm,54,NA,NA
birmingham,Mon, Feb 11,52,12am,54,NA,NA,52,6am,57,NA,NA,57,12pm,63,NA,NA,61,6pm,63,NA,NA
birmingham,Tue, Feb 12,64,12am,66,NA,NA,57,6am,66,NA,NA,52,12pm,59,NA,NA,43,6pm,50,NA,NA
birmingham,Wed, Feb 13,36,12am,39,NA,NA,34,6am,54,NA,NA,52,12pm,57,NA,NA,41,6pm,46,NA,NA
birmingham,Thu, Feb 14,37,12am,43,NA,NA,43,6am,57,NA,NA,57,12pm,61,NA,NA,55,6pm,57,NA,NA
birmingham,Fri, Feb 15,57,12am,57,NA,NA,57,6am,63,NA,NA,63,12pm,63,NA,NA,63,6pm,63,NA,NA
birmingham,Sat, Feb 16,50,12am,63,NA,NA,46,6am,48,NA,NA,46,12pm,48,NA,NA,46,6pm,48,NA,NA
birmingham,Sun, Feb 17,50,12am,55,NA,NA,55,6am,63,NA,NA,63,12pm,64,NA,NA,48,6pm,59,NA,NA
birmingham,Mon, Feb 18,43,12am,48,NA,NA,43,6am,48,NA,NA,46,12pm,52,NA,NA,43,6pm,45,NA,NA
birmingham,Tue, Feb 19,39,12am,43,NA,NA,41,6am,43,NA,NA,41,12pm,43,NA,NA,45,6pm,46,NA,NA
birmingham,Wed, Feb 20,46,12am,48,NA,NA,50,6am,55,NA,NA,55,12pm,61,NA,NA,57,6pm,61,NA,NA
birmingham,Thu, Feb 21,55,12am,57,NA,NA,55,6am,59,NA,NA,57,12pm,63,NA,NA,54,6pm,55,NA,NA
birmingham,Fri, Feb 22,54,12am,55,NA,NA,54,6am,55,NA,NA,55,12pm,61,NA,NA,55,6pm,57,NA,NA
birmingham,Sat, Feb 23,57,12am,63,NA,NA,63,6am,72,NA,NA,70,12pm,73,NA,NA,70,6pm,73,NA,NA
birmingham,Sun, Feb 24,55,12am,68,NA,NA,55,6am,57,NA,NA,54,12pm,63,NA,NA,39,6pm,48,NA,NA
birmingham,Mon, Feb 25,32,12am,39,NA,NA,34,6am,57,NA,NA,57,12pm,61,NA,NA,46,6pm,55,NA,NA
birmingham,Tue, Feb 26,48,12am,52,NA,NA,52,6am,63,NA,NA,64,12pm,70,NA,NA,55,6pm,63,NA,NA
birmingham,Wed, Feb 27,55,12am,57,NA,NA,55,6am,68,NA,NA,70,12pm,73,NA,NA,64,6pm,68,NA,NA
birmingham,Thu, Feb 28,59,12am,64,NA,NA,59,6am,64,NA,NA,64,12pm,68,NA,NA,64,6pm,66,NA,NA
birmingham,Fri, Mar 1,63,12am,64,NA,NA,61,6am,63,NA,NA,55,12pm,61,NA,NA,52,6pm,54,NA,NA
birmingham,Sat, Mar 2,46,12am,50,NA,NA,46,6am,52,NA,NA,55,12pm,57,NA,NA,48,6pm,55,NA,NA
birmingham,Sun, Mar 3,48,12am,50,NA,NA,50,6am,54,NA,NA,43,12pm,52,NA,NA,37,6pm,43,NA,NA
birmingham,Mon, Mar 4,34,12am,36,NA,NA,32,6am,34,NA,NA,34,12pm,39,NA,NA,30,6pm,34,NA,NA
birmingham,Tue, Mar 5,25,12am,30,NA,NA,27,6am,39,NA,NA,39,12pm,45,NA,NA,30,6pm,37,NA,NA
birmingham,Wed, Mar 6,25,12am,28,NA,NA,27,6am,41,NA,NA,41,12pm,46,NA,NA,34,6pm,37,NA,NA
birmingham,Thu, Mar 7,28,12am,32,NA,NA,34,6am,54,NA,NA,54,12pm,55,NA,NA,54,6pm,55,NA,NA
birmingham,Fri, Mar 8,54,12am,55,NA,NA,52,6am,68,NA,NA,68,12pm,72,NA,NA,64,6pm,70,NA,NA
birmingham,Sat, Mar 9,63,12am,64,NA,NA,64,6am,70,NA,NA,12pm,NA,NA,NA,6pm,NA,NA,NA
birmingham,Sun, Mar 10,57,12am,57,NA,NA,57,6am,63,NA,NA,68,12pm,70,NA,NA,55,6pm,64,NA,NA
birmingham,Mon, Mar 11,55,12am,59,NA,NA,55,6am,61,NA,NA,54,12pm,63,NA,NA,48,6pm,57,NA,NA
birmingham,Tue, Mar 12,45,12am,46,NA,NA,46,6am,64,NA,NA,66,12pm,72,NA,NA,61,6pm,66,NA,NA
birmingham,Wed, Mar 13,59,12am,61,NA,NA,61,6am,72,NA,NA,72,12pm,75,NA,NA,68,6pm,72,NA,NA
birmingham,Thu, Mar 14,66,12am,68,NA,NA,64,6am,72,NA,NA,73,12pm,79,NA,NA,70,6pm,75,NA,NA
birmingham,Fri, Mar 15,59,12am,70,NA,NA,55,6am,59,NA,NA,59,12pm,64,NA,NA,50,6pm,59,NA,NA
birmingham,Sat, Mar 16,43,12am,46,NA,NA,43,6am,48,NA,NA,52,12pm,55,NA,NA,43,6pm,52,NA,NA
birmingham,Sun, Mar 17,37,12am,46,NA,NA,37,6am,57,NA,NA,63,12pm,64,NA,NA,45,6pm,59,NA,NA
birmingham,Mon, Mar 18,37,12am,45,NA,NA,37,6am,57,NA,NA,57,12pm,63,NA,NA,46,6pm,52,NA,NA
birmingham,Tue, Mar 19,36,12am,45,NA,NA,34,6am,55,NA,NA,57,12pm,61,NA,NA,39,6pm,55,NA,NA
birmingham,Wed, Mar 20,39,12am,45,NA,NA,37,6am,61,NA,NA,61,12pm,66,NA,NA,52,6pm,63,NA,NA
birmingham,Thu, Mar 21,46,12am,54,NA,NA,45,6am,57,NA,NA,59,12pm,66,NA,NA,52,6pm,59,NA,NA
birmingham,Fri, Mar 22,37,12am,48,NA,NA,37,6am,57,NA,NA,63,12pm,70,NA,NA,46,6pm,64,NA,NA
birmingham,Sat, Mar 23,39,12am,45,NA,NA,37,6am,64,NA,NA,70,12pm,73,NA,NA,54,6pm,64,NA,NA
birmingham,Sun, Mar 24,48,12am,59,NA,NA,46,6am,72,NA,NA,72,12pm,75,NA,NA,61,6pm,70,NA,NA
birmingham,Mon, Mar 25,61,12am,64,NA,NA,59,6am,64,NA,NA,61,12pm,72,NA,NA,57,6pm,64,NA,NA
birmingham,Tue, Mar 26,52,12am,57,NA,NA,52,6am,52,NA,NA,54,12pm,63,NA,NA,46,6pm,57,NA,NA
birmingham,Wed, Mar 27,39,12am,48,NA,NA,39,6am,63,NA,NA,66,12pm,72,NA,NA,57,6pm,66,NA,NA
birmingham,Thu, Mar 28,48,12am,54,NA,NA,48,6am,64,NA,NA,66,12pm,72,NA,NA,52,6pm,68,NA,NA
birmingham,Fri, Mar 29,48,12am,52,NA,NA,46,6am,70,NA,NA,72,12pm,73,NA,NA,59,6pm,72,NA,NA
birmingham,Sat, Mar 30,63,12am,64,NA,NA,61,6am,73,NA,NA,73,12pm,75,NA,NA,54,6pm,73,NA,NA
birmingham,Sun, Mar 31,43,12am,54,NA,NA,39,6am,46,NA,NA,50,12pm,52,NA,NA,39,6pm,46,NA,NA
birmingham,Mon, Apr 1,34,12am,41,NA,NA,32,6am,55,NA,NA,57,12pm,63,NA,NA,54,6pm,59,NA,NA
birmingham,Tue, Apr 2,48,12am,54,NA,NA,45,6am,61,NA,NA,61,12pm,64,NA,NA,46,6pm,63,NA,NA
birmingham,Wed, Apr 3,39,12am,45,NA,NA,41,6am,70,NA,NA,70,12pm,73,NA,NA,57,6pm,70,NA,NA
birmingham,Thu, Apr 4,48,12am,61,NA,NA,52,6am,64,NA,NA,64,12pm,68,NA,NA,59,6pm,61,NA,NA
birmingham,Fri, Apr 5,61,12am,61,NA,NA,61,6am,64,NA,NA,68,12pm,73,NA,NA,57,6pm,70,NA,NA
birmingham,Sat, Apr 6,55,12am,61,NA,NA,59,6am,75,NA,NA,75,12pm,77,NA,NA,63,6pm,73,NA,NA
birmingham,Sun, Apr 7,63,12am,64,NA,NA,63,6am,75,NA,NA,77,12pm,81,NA,NA,70,6pm,77,NA,NA
birmingham,Mon, Apr 8,70,12am,72,NA,NA,70,6am,73,NA,NA,70,12pm,77,NA,NA,68,6pm,73,NA,NA
birmingham,Tue, Apr 9,66,12am,68,NA,NA,64,6am,70,NA,NA,70,12pm,77,NA,NA,57,6pm,72,NA,NA
birmingham,Wed, Apr 10,54,12am,57,NA,NA,54,6am,79,NA,NA,82,12pm,84,NA,NA,63,6pm,81,NA,NA
birmingham,Thu, Apr 11,64,12am,68,NA,NA,66,6am,81,NA,NA,82,12pm,82,NA,NA,73,6pm,81,NA,NA
birmingham,Fri, Apr 12,66,12am,72,NA,NA,66,6am,75,NA,NA,72,12pm,77,NA,NA,64,6pm,70,NA,NA
birmingham,Sat, Apr 13,61,12am,63,NA,NA,61,6am,68,NA,NA,72,12pm,79,NA,NA,75,6pm,77,NA,NA
birmingham,Sun, Apr 14,64,12am,73,NA,NA,64,6am,73,NA,NA,55,12pm,70,NA,NA,48,6pm,55,NA,NA
birmingham,Mon, Apr 15,43,12am,48,NA,NA,43,6am,61,NA,NA,64,12pm,70,NA,NA,52,6pm,66,NA,NA
birmingham,Tue, Apr 16,48,12am,50,NA,NA,52,6am,72,NA,NA,73,12pm,79,NA,NA,57,6pm,75,NA,NA
birmingham,Wed, Apr 17,59,12am,63,NA,NA,57,6am,75,NA,NA,75,12pm,79,NA,NA,70,6pm,73,NA,NA
birmingham,Thu, Apr 18,64,12am,70,NA,NA,64,6am,75,NA,NA,75,12pm,79,NA,NA,63,6pm,73,NA,NA
birmingham,Fri, Apr 19,61,12am,63,NA,NA,54,6am,61,NA,NA,48,12pm,55,NA,NA,45,6pm,48,NA,NA
birmingham,Sat, Apr 20,45,12am,46,NA,NA,45,6am,54,NA,NA,55,12pm,63,NA,NA,45,6pm,61,NA,NA
birmingham,Sun, Apr 21,39,12am,43,NA,NA,41,6am,70,NA,NA,72,12pm,75,NA,NA,54,6pm,73,NA,NA
birmingham,Mon, Apr 22,50,12am,54,NA,NA,52,6am,75,NA,NA,79,12pm,82,NA,NA,61,6pm,79,NA,NA
birmingham,Tue, Apr 23,54,12am,57,NA,NA,55,6am,79,NA,NA,79,12pm,82,NA,NA,64,6pm,75,NA,NA
birmingham,Wed, Apr 24,59,12am,64,NA,NA,61,6am,79,NA,NA,81,12pm,82,NA,NA,70,6pm,79,NA,NA
birmingham,Thu, Apr 25,64,12am,70,NA,NA,64,6am,73,NA,NA,63,12pm,73,NA,NA,61,6pm,63,NA,NA
birmingham,Fri, Apr 26,61,12am,63,NA,NA,59,6am,72,NA,NA,72,12pm,75,NA,NA,54,6pm,72,NA,NA
birmingham,Sat, Apr 27,46,12am,52,NA,NA,48,6am,73,NA,NA,73,12pm,79,NA,NA,68,6pm,73,NA,NA
birmingham,Sun, Apr 28,63,12am,66,NA,NA,63,6am,75,NA,NA,75,12pm,81,NA,NA,66,6pm,77,NA,NA
birmingham,Mon, Apr 29,63,12am,66,NA,NA,64,6am,81,NA,NA,82,12pm,86,NA,NA,64,6pm,81,NA,NA
birmingham,Tue, Apr 30,59,12am,63,NA,NA,63,6am,82,NA,NA,82,12pm,82,NA,NA,73,6pm,81,NA,NA
birmingham,Wed, May 1,68,12am,73,NA,NA,68,6am,82,NA,NA,84,12pm,86,NA,NA,70,6pm,84,NA,NA
birmingham,Thu, May 2,66,12am,72,NA,NA,70,6am,82,NA,NA,82,12pm,84,NA,NA,73,6pm,81,NA,NA
birmingham,Fri, May 3,72,12am,73,NA,NA,72,6am,84,NA,NA,82,12pm,88,NA,NA,70,6pm,81,NA,NA
birmingham,Sat, May 4,70,12am,72,NA,NA,66,6am,77,NA,NA,70,12pm,81,NA,NA,64,6pm,70,NA,NA
birmingham,Sun, May 5,64,12am,64,NA,NA,64,6am,70,NA,NA,72,12pm,73,NA,NA,63,6pm,72,NA,NA
birmingham,Mon, May 6,55,12am,61,NA,NA,57,6am,73,NA,NA,79,12pm,81,NA,NA,63,6pm,79,NA,NA
birmingham,Tue, May 7,57,12am,61,NA,NA,61,6am,81,NA,NA,82,12pm,82,NA,NA,66,6pm,81,NA,NA
birmingham,Wed, May 8,64,12am,70,NA,NA,70,6am,84,NA,NA,82,12pm,86,NA,NA,75,6pm,82,NA,NA
birmingham,Thu, May 9,72,12am,73,NA,NA,72,6am,79,NA,NA,66,12pm,73,NA,NA,66,6pm,66,NA,NA
birmingham,Fri, May 10,61,12am,64,NA,NA,63,6am,73,NA,NA,75,12pm,79,NA,NA,70,6pm,73,NA,NA
birmingham,Sat, May 11,68,12am,72,NA,NA,70,6am,75,NA,NA,70,12pm,81,NA,NA,68,6pm,72,NA,NA
birmingham,Sun, May 12,66,12am,68,NA,NA,66,6am,68,NA,NA,66,12pm,75,NA,NA,66,6pm,73,NA,NA
birmingham,Mon, May 13,57,12am,64,NA,NA,59,6am,72,NA,NA,73,12pm,75,NA,NA,55,6pm,72,NA,NA
birmingham,Tue, May 14,52,12am,55,NA,NA,54,6am,68,NA,NA,72,12pm,73,NA,NA,55,6pm,70,NA,NA
birmingham,Wed, May 15,52,12am,55,NA,NA,55,6am,75,NA,NA,75,12pm,77,NA,NA,70,6pm,75,NA,NA
birmingham,Thu, May 16,70,12am,72,NA,NA,70,6am,84,NA,NA,70,12pm,88,NA,NA,70,6pm,72,NA,NA
birmingham,Fri, May 17,66,12am,68,NA,NA,68,6am,82,NA,NA,75,12pm,88,NA,NA,70,6pm,79,NA,NA
birmingham,Sat, May 18,66,12am,70,NA,NA,70,6am,84,NA,NA,84,12pm,88,NA,NA,75,6pm,82,NA,NA
birmingham,Sun, May 19,70,12am,73,NA,NA,70,6am,84,NA,NA,82,12pm,86,NA,NA,73,6pm,81,NA,NA
birmingham,Mon, May 20,66,12am,72,NA,NA,70,6am,81,NA,NA,79,12pm,84,NA,NA,72,6pm,82,NA,NA
birmingham,Tue, May 21,70,12am,72,NA,NA,73,6am,86,NA,NA,88,12pm,90,NA,NA,77,6pm,86,NA,NA
birmingham,Wed, May 22,70,12am,75,NA,NA,72,6am,84,NA,NA,88,12pm,90,NA,NA,72,6pm,84,NA,NA
birmingham,Thu, May 23,66,12am,72,NA,NA,72,6am,88,NA,NA,88,12pm,91,NA,NA,73,6pm,86,NA,NA
birmingham,Fri, May 24,70,12am,73,NA,NA,75,6am,88,NA,NA,88,12pm,91,NA,NA,75,6pm,90,NA,NA
birmingham,Sat, May 25,68,12am,72,NA,NA,73,6am,88,NA,NA,90,12pm,93,NA,NA,73,6pm,90,NA,NA
birmingham,Sun, May 26,68,12am,72,NA,NA,73,6am,91,NA,NA,91,12pm,93,NA,NA,75,6pm,90,NA,NA
birmingham,Mon, May 27,70,12am,73,NA,NA,75,6am,91,NA,NA,90,12pm,93,NA,NA,81,6pm,90,NA,NA
birmingham,Tue, May 28,73,12am,81,NA,NA,75,6am,88,NA,NA,90,12pm,93,NA,NA,75,6pm,90,NA,NA
birmingham,Wed, May 29,73,12am,81,NA,NA,75,6am,90,NA,NA,90,12pm,91,NA,NA,73,6pm,88,NA,NA
birmingham,Thu, May 30,72,12am,75,NA,NA,75,6am,88,NA,NA,86,12pm,90,NA,NA,79,6pm,84,NA,NA
birmingham,Fri, May 31,72,12am,77,NA,NA,73,6am,84,NA,NA,86,12pm,90,NA,NA,70,6pm,84,NA,NA
birmingham,Sat, Jun 1,64,12am,70,NA,NA,72,6am,84,NA,NA,86,12pm,90,NA,NA,70,6pm,84,NA,NA
birmingham,Sun, Jun 2,64,12am,66,NA,NA,70,6am,88,NA,NA,90,12pm,91,NA,NA,72,6pm,88,NA,NA
birmingham,Mon, Jun 3,66,12am,72,NA,NA,72,6am,88,NA,NA,88,12pm,91,NA,NA,75,6pm,84,NA,NA
birmingham,Tue, Jun 4,72,12am,73,NA,NA,73,6am,84,NA,NA,88,12pm,91,NA,NA,79,6pm,84,NA,NA
birmingham,Wed, Jun 5,75,12am,79,NA,NA,77,6am,84,NA,NA,84,12pm,86,NA,NA,73,6pm,82,NA,NA
birmingham,Thu, Jun 6,70,12am,73,NA,NA,70,6am,73,NA,NA,72,12pm,75,NA,NA,73,6pm,75,NA,NA
birmingham,Fri, Jun 7,73,12am,75,NA,NA,73,6am,84,NA,NA,79,12pm,84,NA,NA,73,6pm,82,NA,NA
birmingham,Sat, Jun 8,72,12am,73,NA,NA,73,6am,79,NA,NA,75,12pm,81,NA,NA,73,6pm,75,NA,NA
birmingham,Sun, Jun 9,72,12am,73,NA,NA,73,6am,82,NA,NA,75,12pm,86,NA,NA,73,6pm,75,NA,NA
birmingham,Mon, Jun 10,72,12am,72,NA,NA,72,6am,88,NA,NA,75,12pm,88,NA,NA,72,6pm,82,NA,NA
birmingham,Tue, Jun 11,63,12am,70,NA,NA,64,6am,79,NA,NA,79,12pm,81,NA,NA,66,6pm,77,NA,NA
birmingham,Wed, Jun 12,66,12am,70,NA,NA,70,6am,81,NA,NA,77,12pm,82,NA,NA,70,6pm,79,NA,NA
birmingham,Thu, Jun 13,61,12am,68,NA,NA,64,6am,79,NA,NA,79,12pm,82,NA,NA,63,6pm,79,NA,NA
birmingham,Fri, Jun 14,57,12am,64,NA,NA,66,6am,79,NA,NA,81,12pm,82,NA,NA,72,6pm,81,NA,NA
birmingham,Sat, Jun 15,68,12am,72,NA,NA,72,6am,84,NA,NA,86,12pm,88,NA,NA,79,6pm,84,NA,NA
birmingham,Sun, Jun 16,73,12am,79,NA,NA,75,6am,86,NA,NA,88,12pm,93,NA,NA,77,6pm,84,NA,NA
birmingham,Mon, Jun 17,72,12am,79,NA,NA,73,6am,86,NA,NA,88,12pm,90,NA,NA,73,6pm,88,NA,NA
birmingham,Tue, Jun 18,73,12am,73,NA,NA,73,6am,81,NA,NA,73,12pm,81,NA,NA,73,6pm,75,NA,NA
birmingham,Wed, Jun 19,72,12am,73,NA,NA,73,6am,86,NA,NA,88,12pm,90,NA,NA,81,6pm,88,NA,NA
birmingham,Thu, Jun 20,72,12am,81,NA,NA,72,6am,82,NA,NA,84,12pm,90,NA,NA,75,6pm,86,NA,NA
birmingham,Fri, Jun 21,72,12am,73,NA,NA,75,6am,90,NA,NA,91,12pm,93,NA,NA,82,6pm,91,NA,NA
birmingham,Sat, Jun 22,77,12am,81,NA,NA,79,6am,88,NA,NA,70,12pm,91,NA,NA,72,6pm,75,NA,NA
birmingham,Sun, Jun 23,72,12am,73,NA,NA,73,6am,84,NA,NA,86,12pm,90,NA,NA,82,6pm,88,NA,NA
birmingham,Mon, Jun 24,79,12am,81,NA,NA,79,6am,84,NA,NA,86,12pm,88,NA,NA,75,6pm,84,NA,NA
birmingham,Tue, Jun 25,70,12am,75,NA,NA,73,6am,84,NA,NA,86,12pm,88,NA,NA,77,6pm,86,NA,NA
birmingham,Wed, Jun 26,75,12am,77,NA,NA,75,6am,86,NA,NA,75,12pm,90,NA,NA,73,6pm,75,NA,NA
birmingham,Thu, Jun 27,70,12am,73,NA,NA,72,6am,88,NA,NA,73,12pm,90,NA,NA,72,6pm,75,NA,NA
birmingham,Fri, Jun 28,66,12am,72,NA,NA,73,6am,88,NA,NA,75,12pm,90,NA,NA,72,6pm,75,NA,NA
birmingham,Sat, Jun 29,73,12am,75,NA,NA,75,6am,86,NA,NA,79,12pm,88,NA,NA,75,6pm,81,NA,NA
birmingham,Sun, Jun 30,73,12am,75,NA,NA,73,6am,84,NA,NA,86,12pm,90,NA,NA,77,6pm,86,NA,NA
birmingham,Mon, Jul 1,73,12am,75,NA,NA,77,6am,90,NA,NA,91,12pm,93,NA,NA,81,6pm,91,NA,NA
birmingham,Tue, Jul 2,75,12am,82,NA,NA,79,6am,90,NA,NA,91,12pm,93,NA,NA,81,6pm,91,NA,NA
birmingham,Wed, Jul 3,75,12am,79,NA,NA,77,6am,90,NA,NA,84,12pm,90,NA,NA,75,6pm,82,NA,NA
birmingham,Thu, Jul 4,72,12am,75,NA,NA,73,6am,90,NA,NA,90,12pm,91,NA,NA,81,6pm,88,NA,NA
birmingham,Fri, Jul 5,75,12am,81,NA,NA,75,6am,91,NA,NA,91,12pm,93,NA,NA,81,6pm,91,NA,NA
birmingham,Sat, Jul 6,75,12am,79,NA,NA,77,6am,91,NA,NA,93,12pm,97,NA,NA,81,6pm,91,NA,NA
birmingham,Sun, Jul 7,75,12am,81,NA,NA,79,6am,88,NA,NA,72,12pm,88,NA,NA,73,6pm,84,NA,NA
birmingham,Mon, Jul 8,73,12am,73,NA,NA,73,6am,88,NA,NA,88,12pm,93,NA,NA,81,6pm,88,NA,NA
birmingham,Tue, Jul 9,75,12am,81,NA,NA,79,6am,91,NA,NA,93,12pm,97,NA,NA,82,6pm,93,NA,NA
birmingham,Wed, Jul 10,79,12am,82,NA,NA,79,6am,90,NA,NA,91,12pm,93,NA,NA,81,6pm,90,NA,NA
birmingham,Thu, Jul 11,79,12am,79,NA,NA,79,6am,90,NA,NA,84,12pm,93,NA,NA,79,6pm,82,NA,NA
birmingham,Fri, Jul 12,77,12am,81,NA,NA,79,6am,88,NA,NA,90,12pm,93,NA,NA,81,6pm,90,NA,NA
birmingham,Sat, Jul 13,75,12am,79,NA,NA,75,6am,86,NA,NA,77,12pm,81,NA,NA,77,6pm,81,NA,NA
birmingham,Sun, Jul 14,75,12am,75,NA,NA,75,6am,88,NA,NA,79,12pm,90,NA,NA,73,6pm,79,NA,NA
birmingham,Mon, Jul 15,73,12am,75,NA,NA,75,6am,84,NA,NA,82,12pm,88,NA,NA,79,6pm,81,NA,NA
birmingham,Tue, Jul 16,75,12am,79,NA,NA,77,6am,88,NA,NA,90,12pm,91,NA,NA,73,6pm,90,NA,NA
birmingham,Wed, Jul 17,75,12am,79,NA,NA,79,6am,88,NA,NA,88,12pm,91,NA,NA,79,6pm,90,NA,NA
birmingham,Thu, Jul 18,75,12am,79,NA,NA,79,6am,88,NA,NA,79,12pm,91,NA,NA,81,6pm,90,NA,NA
birmingham,Fri, Jul 19,79,12am,81,NA,NA,81,6am,86,NA,NA,82,12pm,88,NA,NA,77,6pm,84,NA,NA
birmingham,Sat, Jul 20,73,12am,75,NA,NA,75,6am,88,NA,NA,75,12pm,91,NA,NA,73,6pm,79,NA,NA
birmingham,Sun, Jul 21,73,12am,75,NA,NA,75,6am,86,NA,NA,84,12pm,88,NA,NA,79,6pm,84,NA,NA
birmingham,Mon, Jul 22,75,12am,79,NA,NA,75,6am,88,NA,NA,84,12pm,90,NA,NA,79,6pm,88,NA,NA
birmingham,Tue, Jul 23,73,12am,77,NA,NA,73,6am,77,NA,NA,75,12pm,82,NA,NA,70,6pm,81,NA,NA
birmingham,Wed, Jul 24,63,12am,70,NA,NA,64,6am,82,NA,NA,82,12pm,86,NA,NA,70,6pm,81,NA,NA
birmingham,Thu, Jul 25,63,12am,68,NA,NA,64,6am,84,NA,NA,84,12pm,88,NA,NA,72,6pm,84,NA,NA
birmingham,Fri, Jul 26,68,12am,72,NA,NA,73,6am,84,NA,NA,86,12pm,90,NA,NA,77,6pm,88,NA,NA
birmingham,Sat, Jul 27,73,12am,79,NA,NA,73,6am,88,NA,NA,90,12pm,93,NA,NA,75,6pm,88,NA,NA
birmingham,Sun, Jul 28,70,12am,73,NA,NA,72,6am,88,NA,NA,90,12pm,91,NA,NA,75,6pm,90,NA,NA
birmingham,Mon, Jul 29,70,12am,73,NA,NA,72,6am,90,NA,NA,90,12pm,91,NA,NA,73,6pm,90,NA,NA
birmingham,Tue, Jul 30,70,12am,73,NA,NA,73,6am,86,NA,NA,86,12pm,90,NA,NA,73,6pm,82,NA,NA
birmingham,Wed, Jul 31,72,12am,75,NA,NA,73,6am,90,NA,NA,79,12pm,91,NA,NA,73,6pm,79,NA,NA
birmingham,Thu, Aug 1,70,12am,72,NA,NA,72,6am,90,NA,NA,75,12pm,91,NA,NA,75,6pm,81,NA,NA
birmingham,Fri, Aug 2,72,12am,75,NA,NA,73,6am,88,NA,NA,75,12pm,88,NA,NA,75,6pm,82,NA,NA
birmingham,Sat, Aug 3,73,12am,75,NA,NA,73,6am,88,NA,NA,77,12pm,81,NA,NA,73,6pm,79,NA,NA
birmingham,Sun, Aug 4,70,12am,72,NA,NA,72,6am,88,NA,NA,84,12pm,91,NA,NA,70,6pm,79,NA,NA
birmingham,Mon, Aug 5,66,12am,70,NA,NA,68,6am,82,NA,NA,84,12pm,90,NA,NA,73,6pm,86,NA,NA
birmingham,Tue, Aug 6,70,12am,73,NA,NA,72,6am,88,NA,NA,91,12pm,91,NA,NA,77,6pm,90,NA,NA
birmingham,Wed, Aug 7,75,12am,77,NA,NA,75,6am,91,NA,NA,93,12pm,95,NA,NA,73,6pm,90,NA,NA
birmingham,Thu, Aug 8,72,12am,73,NA,NA,73,6am,82,NA,NA,84,12pm,88,NA,NA,79,6pm,86,NA,NA
birmingham,Fri, Aug 9,75,12am,81,NA,NA,75,6am,90,NA,NA,90,12pm,93,NA,NA,81,6pm,88,NA,NA
birmingham,Sat, Aug 10,73,12am,77,NA,NA,75,6am,88,NA,NA,81,12pm,88,NA,NA,81,6pm,86,NA,NA
birmingham,Sun, Aug 11,77,12am,79,NA,NA,77,6am,91,NA,NA,93,12pm,97,NA,NA,81,6pm,91,NA,NA
birmingham,Mon, Aug 12,73,12am,77,NA,NA,75,6am,93,NA,NA,95,12pm,99,NA,NA,82,6pm,93,NA,NA
birmingham,Tue, Aug 13,77,12am,81,NA,NA,79,6am,97,NA,NA,97,12pm,10,NA,NA,79,6pm,97,NA,NA
birmingham,Wed, Aug 14,75,12am,79,NA,NA,77,6am,90,NA,NA,91,12pm,93,NA,NA,79,6pm,90,NA,NA
birmingham,Thu, Aug 15,73,12am,77,NA,NA,73,6am,91,NA,NA,93,12pm,95,NA,NA,75,6pm,91,NA,NA
birmingham,Fri, Aug 16,66,12am,75,NA,NA,70,6am,91,NA,NA,93,12pm,97,NA,NA,75,6pm,91,NA,NA
birmingham,Sat, Aug 17,66,12am,73,NA,NA,70,6am,97,NA,NA,97,12pm,10,NA,NA,82,6pm,95,NA,NA
birmingham,Sun, Aug 18,75,12am,79,NA,NA,75,6am,97,NA,NA,97,12pm,97,NA,NA,84,6pm,93,NA,NA
birmingham,Mon, Aug 19,81,12am,84,NA,NA,81,6am,88,NA,NA,88,12pm,97,NA,NA,75,6pm,84,NA,NA
birmingham,Tue, Aug 20,73,12am,75,NA,NA,73,6am,91,NA,NA,90,12pm,93,NA,NA,77,6pm,88,NA,NA
birmingham,Wed, Aug 21,75,12am,75,NA,NA,75,6am,88,NA,NA,84,12pm,93,NA,NA,75,6pm,81,NA,NA
birmingham,Thu, Aug 22,73,12am,75,NA,NA,73,6am,84,NA,NA,88,12pm,93,NA,NA,81,6pm,88,NA,NA
birmingham,Fri, Aug 23,75,12am,81,NA,NA,75,6am,90,NA,NA,77,12pm,91,NA,NA,77,6pm,82,NA,NA
birmingham,Sat, Aug 24,73,12am,75,NA,NA,73,6am,90,NA,NA,75,12pm,93,NA,NA,75,6pm,77,NA,NA
birmingham,Sun, Aug 25,73,12am,75,NA,NA,73,6am,79,NA,NA,77,12pm,81,NA,NA,73,6pm,77,NA,NA
birmingham,Mon, Aug 26,72,12am,73,NA,NA,72,6am,73,NA,NA,73,12pm,75,NA,NA,73,6pm,75,NA,NA
birmingham,Tue, Aug 27,73,12am,75,NA,NA,75,6am,84,NA,NA,73,12pm,90,NA,NA,73,6pm,75,NA,NA
birmingham,Wed, Aug 28,72,12am,75,NA,NA,72,6am,84,NA,NA,88,12pm,88,NA,NA,72,6pm,82,NA,NA
birmingham,Thu, Aug 29,64,12am,70,NA,NA,64,6am,82,NA,NA,84,12pm,88,NA,NA,66,6pm,81,NA,NA
birmingham,Fri, Aug 30,61,12am,64,NA,NA,63,6am,84,NA,NA,88,12pm,90,NA,NA,75,6pm,86,NA,NA
birmingham,Sat, Aug 31,68,12am,75,NA,NA,72,6am,88,NA,NA,88,12pm,91,NA,NA,77,6pm,86,NA,NA
birmingham,Sun, Sep 1,72,12am,75,NA,NA,72,6am,84,NA,NA,86,12pm,91,NA,NA,75,6pm,82,NA,NA
birmingham,Mon, Sep 2,72,12am,73,NA,NA,72,6am,88,NA,NA,90,12pm,91,NA,NA,75,6pm,88,NA,NA
birmingham,Tue, Sep 3,70,12am,75,NA,NA,72,6am,90,NA,NA,91,12pm,93,NA,NA,75,6pm,88,NA,NA
birmingham,Wed, Sep 4,70,12am,73,NA,NA,72,6am,91,NA,NA,91,12pm,93,NA,NA,79,6pm,90,NA,NA
birmingham,Thu, Sep 5,72,12am,75,NA,NA,73,6am,90,NA,NA,90,12pm,91,NA,NA,72,6pm,84,NA,NA
birmingham,Fri, Sep 6,63,12am,70,NA,NA,63,6am,82,NA,NA,86,12pm,91,NA,NA,75,6pm,86,NA,NA
birmingham,Sat, Sep 7,72,12am,73,NA,NA,72,6am,91,NA,NA,93,12pm,95,NA,NA,77,6pm,90,NA,NA
birmingham,Sun, Sep 8,73,12am,79,NA,NA,72,6am,90,NA,NA,91,12pm,93,NA,NA,72,6pm,88,NA,NA
birmingham,Mon, Sep 9,70,12am,72,NA,NA,70,6am,93,NA,NA,93,12pm,97,NA,NA,82,6pm,90,NA,NA
birmingham,Tue, Sep 10,79,12am,82,NA,NA,77,6am,91,NA,NA,93,12pm,95,NA,NA,81,6pm,91,NA,NA
birmingham,Wed, Sep 11,77,12am,81,NA,NA,77,6am,90,NA,NA,79,12pm,93,NA,NA,75,6pm,82,NA,NA
birmingham,Thu, Sep 12,72,12am,75,NA,NA,72,6am,91,NA,NA,91,12pm,97,NA,NA,77,6pm,88,NA,NA
birmingham,Fri, Sep 13,72,12am,77,NA,NA,73,6am,97,NA,NA,97,12pm,99,NA,NA,81,6pm,90,NA,NA
birmingham,Sat, Sep 14,73,12am,82,NA,NA,73,6am,86,NA,NA,88,12pm,90,NA,NA,77,6pm,86,NA,NA
birmingham,Sun, Sep 15,75,12am,79,NA,NA,73,6am,88,NA,NA,90,12pm,93,NA,NA,75,6pm,90,NA,NA
birmingham,Mon, Sep 16,72,12am,75,NA,NA,72,6am,93,NA,NA,93,12pm,97,NA,NA,75,6pm,88,NA,NA
birmingham,Tue, Sep 17,70,12am,73,NA,NA,70,6am,95,NA,NA,95,12pm,99,NA,NA,79,6pm,90,NA,NA
birmingham,Wed, Sep 18,73,12am,75,NA,NA,72,6am,93,NA,NA,93,12pm,97,NA,NA,81,6pm,91,NA,NA
birmingham,Thu, Sep 19,73,12am,79,NA,NA,73,6am,84,NA,NA,86,12pm,90,NA,NA,75,6pm,82,NA,NA
birmingham,Fri, Sep 20,70,12am,75,NA,NA,70,6am,81,NA,NA,82,12pm,88,NA,NA,72,6pm,82,NA,NA
birmingham,Sat, Sep 21,66,12am,73,NA,NA,66,6am,82,NA,NA,84,12pm,90,NA,NA,70,6pm,82,NA,NA
birmingham,Sun, Sep 22,64,12am,70,NA,NA,68,6am,86,NA,NA,88,12pm,90,NA,NA,70,6pm,82,NA,NA
birmingham,Mon, Sep 23,64,12am,68,NA,NA,64,6am,88,NA,NA,90,12pm,91,NA,NA,81,6pm,88,NA,NA
birmingham,Tue, Sep 24,73,12am,81,NA,NA,72,6am,88,NA,NA,88,12pm,93,NA,NA,66,6pm,81,NA,NA
birmingham,Wed, Sep 25,63,12am,66,NA,NA,64,6am,90,NA,NA,91,12pm,95,NA,NA,77,6pm,90,NA,NA
birmingham,Thu, Sep 26,72,12am,75,NA,NA,73,6am,91,NA,NA,91,12pm,93,NA,NA,75,6pm,84,NA,NA
birmingham,Fri, Sep 27,73,12am,79,NA,NA,75,6am,93,NA,NA,91,12pm,95,NA,NA,81,6pm,91,NA,NA
birmingham,Sat, Sep 28,73,12am,79,NA,NA,75,6am,90,NA,NA,91,12pm,95,NA,NA,81,6pm,86,NA,NA
birmingham,Sun, Sep 29,75,12am,81,NA,NA,75,6am,91,NA,NA,91,12pm,97,NA,NA,79,6pm,90,NA,NA
birmingham,Mon, Sep 30,72,12am,75,NA,NA,72,6am,93,NA,NA,93,12pm,97,NA,NA,77,6pm,90,NA,NA
birmingham,Tue, Oct 1,72,12am,75,NA,NA,72,6am,93,NA,NA,95,12pm,99,NA,NA,79,6pm,90,NA,NA
birmingham,Wed, Oct 2,75,12am,81,NA,NA,75,6am,93,NA,NA,95,12pm,99,NA,NA,79,6pm,90,NA,NA
birmingham,Thu, Oct 3,73,12am,79,NA,NA,73,6am,97,NA,NA,97,12pm,10,NA,NA,81,6pm,93,NA,NA
birmingham,Fri, Oct 4,72,12am,79,NA,NA,72,6am,95,NA,NA,91,12pm,99,NA,NA,75,6pm,88,NA,NA
birmingham,Sat, Oct 5,70,12am,75,NA,NA,72,6am,91,NA,NA,81,12pm,97,NA,NA,72,6pm,81,NA,NA
birmingham,Sun, Oct 6,70,12am,72,NA,NA,70,6am,81,NA,NA,81,12pm,86,NA,NA,75,6pm,81,NA,NA
birmingham,Mon, Oct 7,73,12am,73,NA,NA,66,6am,73,NA,NA,72,12pm,75,NA,NA,66,6pm,72,NA,NA
birmingham,Tue, Oct 8,63,12am,64,NA,NA,63,6am,73,NA,NA,77,12pm,81,NA,NA,63,6pm,72,NA,NA
birmingham,Wed, Oct 9,61,12am,66,NA,NA,66,6am,79,NA,NA,79,12pm,84,NA,NA,72,6pm,75,NA,NA
birmingham,Thu, Oct 10,66,12am,70,NA,NA,66,6am,77,NA,NA,81,12pm,82,NA,NA,73,6pm,79,NA,NA
birmingham,Fri, Oct 11,66,12am,72,NA,NA,66,6am,81,NA,NA,82,12pm,84,NA,NA,72,6pm,81,NA,NA
birmingham,Sat, Oct 12,59,12am,70,NA,NA,57,6am,63,NA,NA,63,12pm,64,NA,NA,59,6pm,64,NA,NA
birmingham,Sun, Oct 13,59,12am,61,NA,NA,59,6am,66,NA,NA,55,12pm,66,NA,NA,54,6pm,55,NA,NA
birmingham,Mon, Oct 14,54,12am,54,NA,NA,54,6am,66,NA,NA,70,12pm,73,NA,NA,64,6pm,66,NA,NA
birmingham,Tue, Oct 15,64,12am,66,NA,NA,66,6am,72,NA,NA,70,12pm,72,NA,NA,70,6pm,70,NA,NA
birmingham,Wed, Oct 16,68,12am,70,NA,NA,63,6am,66,NA,NA,61,12pm,70,NA,NA,52,6pm,59,NA,NA
birmingham,Thu, Oct 17,45,12am,48,NA,NA,43,6am,61,NA,NA,63,12pm,66,NA,NA,48,6pm,57,NA,NA
birmingham,Fri, Oct 18,46,12am,52,NA,NA,48,6am,61,NA,NA,63,12pm,64,NA,NA,61,6pm,61,NA,NA
birmingham,Sat, Oct 19,61,12am,61,NA,NA,57,6am,61,NA,NA,57,12pm,59,NA,NA,57,6pm,59,NA,NA
birmingham,Sun, Oct 20,57,12am,59,NA,NA,55,6am,63,NA,NA,66,12pm,73,NA,NA,64,6pm,66,NA,NA
birmingham,Mon, Oct 21,64,12am,64,NA,NA,64,6am,75,NA,NA,70,12pm,75,NA,NA,68,6pm,72,NA,NA
birmingham,Tue, Oct 22,59,12am,66,NA,NA,57,6am,68,NA,NA,64,12pm,72,NA,NA,48,6pm,61,NA,NA
birmingham,Wed, Oct 23,43,12am,46,NA,NA,43,6am,68,NA,NA,64,12pm,72,NA,NA,50,6pm,59,NA,NA
birmingham,Thu, Oct 24,46,12am,50,NA,NA,52,6am,70,NA,NA,70,12pm,73,NA,NA,63,6pm,66,NA,NA
birmingham,Fri, Oct 25,61,12am,64,NA,NA,57,6am,61,NA,NA,61,12pm,63,NA,NA,63,6pm,64,NA,NA
birmingham,Sat, Oct 26,66,12am,73,NA,NA,72,6am,73,NA,NA,73,12pm,75,NA,NA,59,6pm,73,NA,NA
birmingham,Sun, Oct 27,57,12am,59,NA,NA,57,6am,61,NA,NA,61,12pm,63,NA,NA,50,6pm,59,NA,NA
birmingham,Mon, Oct 28,46,12am,52,NA,NA,48,6am,66,NA,NA,64,12pm,73,NA,NA,54,6pm,63,NA,NA
birmingham,Tue, Oct 29,54,12am,54,NA,NA,54,6am,63,NA,NA,64,12pm,68,NA,NA,64,6pm,70,NA,NA
birmingham,Wed, Oct 30,68,12am,70,NA,NA,70,6am,73,NA,NA,70,12pm,73,NA,NA,72,6pm,73,NA,NA
birmingham,Thu, Oct 31,72,12am,73,NA,NA,46,6am,73,NA,NA,41,12pm,46,NA,NA,36,6pm,41,NA,NA
birmingham,Fri, Nov 1,32,12am,34,NA,NA,30,6am,48,NA,NA,48,12pm,57,NA,NA,37,6pm,46,NA,NA
birmingham,Sat, Nov 2,34,12am,37,NA,NA,34,6am,54,NA,NA,54,12pm,61,NA,NA,39,6pm,48,NA,NA
birmingham,Sun, Nov 3,34,12am,39,NA,NA,36,6am,61,NA,NA,50,12pm,63,NA,NA,39,6pm,46,NA,NA
birmingham,Mon, Nov 4,39,12am,46,NA,NA,46,6am,57,NA,NA,54,12pm,61,NA,NA,52,6pm,55,NA,NA
birmingham,Tue, Nov 5,48,12am,55,NA,NA,48,6am,70,NA,NA,57,12pm,72,NA,NA,46,6pm,55,NA,NA
birmingham,Wed, Nov 6,45,12am,50,NA,NA,54,6am,72,NA,NA,57,12pm,75,NA,NA,57,6pm,63,NA,NA
birmingham,Thu, Nov 7,57,12am,63,NA,NA,61,6am,72,NA,NA,61,12pm,72,NA,NA,52,6pm,59,NA,NA
birmingham,Fri, Nov 8,43,12am,48,NA,NA,39,6am,46,NA,NA,43,12pm,48,NA,NA,32,6pm,37,NA,NA
birmingham,Sat, Nov 9,30,12am,30,NA,NA,32,6am,55,NA,NA,48,12pm,61,NA,NA,39,6pm,45,NA,NA
birmingham,Sun, Nov 10,37,12am,39,NA,NA,39,6am,64,NA,NA,54,12pm,66,NA,NA,45,6pm,50,NA,NA
birmingham,Mon, Nov 11,45,12am,46,NA,NA,45,6am,68,NA,NA,64,12pm,72,NA,NA,57,6pm,63,NA,NA
birmingham,Tue, Nov 12,34,12am,54,NA,NA,28,6am,34,NA,NA,28,12pm,34,NA,NA,23,6pm,28,NA,NA
birmingham,Wed, Nov 13,19,12am,21,NA,NA,23,6am,43,NA,NA,43,12pm,48,NA,NA,37,6pm,43,NA,NA
birmingham,Thu, Nov 14,37,12am,41,NA,NA,39,6am,46,NA,NA,45,12pm,46,NA,NA,43,6pm,43,NA,NA
birmingham,Fri, Nov 15,43,12am,43,NA,NA,43,6am,45,NA,NA,46,12pm,48,NA,NA,37,6pm,43,NA,NA
birmingham,Sat, Nov 16,30,12am,37,NA,NA,30,6am,54,NA,NA,46,12pm,61,NA,NA,37,6pm,43,NA,NA
birmingham,Sun, Nov 17,34,12am,36,NA,NA,36,6am,64,NA,NA,57,12pm,66,NA,NA,39,6pm,50,NA,NA
birmingham,Mon, Nov 18,36,12am,37,NA,NA,36,6am,57,NA,NA,52,12pm,61,NA,NA,43,6pm,48,NA,NA
birmingham,Tue, Nov 19,43,12am,45,NA,NA,43,6am,63,NA,NA,59,12pm,66,NA,NA,45,6pm,55,NA,NA
birmingham,Wed, Nov 20,37,12am,43,NA,NA,37,6am,64,NA,NA,54,12pm,66,NA,NA,48,6pm,52,NA,NA
birmingham,Thu, Nov 21,45,12am,46,NA,NA,52,6am,63,NA,NA,63,12pm,64,NA,NA,55,6pm,61,NA,NA
birmingham,Fri, Nov 22,55,12am,59,NA,NA,57,6am,66,NA,NA,63,12pm,64,NA,NA,63,6pm,64,NA,NA
birmingham,Sat, Nov 23,64,12am,64,NA,NA,61,6am,64,NA,NA,48,12pm,57,NA,NA,46,6pm,48,NA,NA
birmingham,Sun, Nov 24,43,12am,46,NA,NA,43,6am,54,NA,NA,48,12pm,55,NA,NA,37,6pm,48,NA,NA
birmingham,Mon, Nov 25,36,12am,37,NA,NA,36,6am,59,NA,NA,54,12pm,63,NA,NA,46,6pm,50,NA,NA
birmingham,Tue, Nov 26,46,12am,48,NA,NA,48,6am,64,NA,NA,66,12pm,70,NA,NA,64,6pm,66,NA,NA
birmingham,Wed, Nov 27,66,12am,70,NA,NA,64,6am,73,NA,NA,57,12pm,73,NA,NA,45,6pm,52,NA,NA
birmingham,Thu, Nov 28,39,12am,45,NA,NA,43,6am,61,NA,NA,54,12pm,63,NA,NA,48,6pm,54,NA,NA
birmingham,Fri, Nov 29,46,12am,48,NA,NA,46,6am,61,NA,NA,63,12pm,64,NA,NA,61,6pm,63,NA,NA
birmingham,Sat, Nov 30,57,12am,61,NA,NA,57,6am,73,NA,NA,70,12pm,73,NA,NA,70,6pm,72,NA,NA
birmingham,Sun, Dec 1,54,12am,68,NA,NA,54,6am,64,NA,NA,52,12pm,64,NA,NA,45,6pm,48,NA,NA
birmingham,Mon, Dec 2,39,12am,43,NA,NA,39,6am,45,NA,NA,39,12pm,45,NA,NA,37,6pm,39,NA,NA
birmingham,Tue, Dec 3,36,12am,37,NA,NA,36,6am,45,NA,NA,45,12pm,48,NA,NA,34,6pm,41,NA,NA
birmingham,Wed, Dec 4,32,12am,34,NA,NA,30,6am,57,NA,NA,52,12pm,63,NA,NA,39,6pm,46,NA,NA
birmingham,Thu, Dec 5,37,12am,39,NA,NA,36,6am,63,NA,NA,54,12pm,64,NA,NA,43,6pm,52,NA,NA
birmingham,Fri, Dec 6,45,12am,54,NA,NA,52,6am,57,NA,NA,52,12pm,57,NA,NA,52,6pm,55,NA,NA
birmingham,Sat, Dec 7,43,12am,50,NA,NA,43,6am,64,NA,NA,61,12pm,66,NA,NA,55,6pm,61,NA,NA
birmingham,Sun, Dec 8,54,12am,55,NA,NA,54,6am,63,NA,NA,61,12pm,64,NA,NA,57,6pm,61,NA,NA
birmingham,Mon, Dec 9,59,12am,61,NA,NA,59,6am,68,NA,NA,66,12pm,70,NA,NA,66,6pm,70,NA,NA
birmingham,Tue, Dec 10,61,12am,70,NA,NA,48,6am,61,NA,NA,37,12pm,48,NA,NA,36,6pm,37,NA,NA
birmingham,Wed, Dec 11,30,12am,36,NA,NA,30,6am,46,NA,NA,43,12pm,52,NA,NA,34,6pm,39,NA,NA
birmingham,Thu, Dec 12,34,12am,39,NA,NA,39,6am,55,NA,NA,46,12pm,54,NA,NA,45,6pm,45,NA,NA
birmingham,Fri, Dec 13,43,12am,45,NA,NA,43,6am,46,NA,NA,46,12pm,48,NA,NA,46,6pm,48,NA,NA
birmingham,Sat, Dec 14,45,12am,48,NA,NA,45,6am,52,NA,NA,50,12pm,55,NA,NA,43,6pm,46,NA,NA
birmingham,Sun, Dec 15,45,12am,50,NA,NA,50,6am,61,NA,NA,61,12pm,63,NA,NA,59,6pm,63,NA,NA
birmingham,Mon, Dec 16,61,12am,63,NA,NA,61,6am,72,NA,NA,70,12pm,72,NA,NA,64,6pm,68,NA,NA
birmingham,Tue, Dec 17,45,12am,64,NA,NA,39,6am,45,NA,NA,39,12pm,39,NA,NA,36,6pm,39,NA,NA
birmingham,Wed, Dec 18,28,12am,34,NA,NA,30,6am,45,NA,NA,37,12pm,48,NA,NA,30,6pm,39,NA,NA
birmingham,Thu, Dec 19,27,12am,30,NA,NA,28,6am,48,NA,NA,41,12pm,55,NA,NA,36,6pm,39,NA,NA
birmingham,Fri, Dec 20,34,12am,37,NA,NA,36,6am,54,NA,NA,52,12pm,57,NA,NA,50,6pm,52,NA,NA
birmingham,Sat, Dec 21,48,12am,52,NA,NA,48,6am,54,NA,NA,48,12pm,50,NA,NA,46,6pm,46,NA,NA
birmingham,Sun, Dec 22,45,12am,46,NA,NA,45,6am,48,NA,NA,46,12pm,48,NA,NA,46,6pm,48,NA,NA
birmingham,Mon, Dec 23,48,12am,52,NA,NA,52,6am,57,NA,NA,57,12pm,57,NA,NA,52,6pm,57,NA,NA
birmingham,Tue, Dec 24,45,12am,52,NA,NA,45,6am,66,NA,NA,59,12pm,73,NA,NA,52,6pm,55,NA,NA
birmingham,Wed, Dec 25,50,12am,55,NA,NA,50,6am,66,NA,NA,57,12pm,70,NA,NA,52,6pm,57,NA,NA
birmingham,Thu, Dec 26,54,12am,57,NA,NA,54,6am,63,NA,NA,63,12pm,68,NA,NA,52,6pm,61,NA,NA
birmingham,Fri, Dec 27,54,12am,57,NA,NA,57,6am,63,NA,NA,61,12pm,63,NA,NA,61,6pm,61,NA,NA
birmingham,Sat, Dec 28,57,12am,61,NA,NA,59,6am,66,NA,NA,64,12pm,66,NA,NA,64,6pm,66,NA,NA
birmingham,Sun, Dec 29,66,12am,68,NA,NA,66,6am,68,NA,NA,70,12pm,72,NA,NA,57,6pm,70,NA,NA
birmingham,Mon, Dec 30,48,12am,55,NA,NA,46,6am,54,NA,NA,50,12pm,55,NA,NA,43,6pm,48,NA,NA
birmingham,Tue, Dec 31,39,12am,43,NA,NA,37,6am,50,NA,NA,48,12pm,54,NA,NA,43,6pm,46,NA,NA
cleveland,Tue, Jan 1,39,12am,54,NA,NA,37,6am,39,NA,NA,34,12pm,39,NA,NA,34,6pm,34,NA,NA
cleveland,Wed, Jan 2,32,12am,34,NA,NA,34,6am,37,NA,NA,37,12pm,39,NA,NA,36,6pm,39,NA,NA
cleveland,Thu, Jan 3,32,12am,34,NA,NA,30,6am,32,NA,NA,34,12pm,36,NA,NA,34,6pm,34,NA,NA
cleveland,Fri, Jan 4,34,12am,34,NA,NA,34,6am,41,NA,NA,45,12pm,52,NA,NA,32,6pm,45,NA,NA
cleveland,Sat, Jan 5,28,12am,34,NA,NA,30,6am,43,NA,NA,45,12pm,48,NA,NA,43,6pm,45,NA,NA
cleveland,Sun, Jan 6,39,12am,43,NA,NA,37,6am,39,NA,NA,36,12pm,39,NA,NA,34,6pm,36,NA,NA
cleveland,Mon, Jan 7,34,12am,34,NA,NA,34,6am,43,NA,NA,45,12pm,48,NA,NA,50,6pm,55,NA,NA
cleveland,Tue, Jan 8,54,12am,55,NA,NA,48,6am,55,NA,NA,45,12pm,55,NA,NA,39,6pm,45,NA,NA
cleveland,Wed, Jan 9,30,12am,37,NA,NA,28,6am,30,NA,NA,25,12pm,28,NA,NA,25,6pm,27,NA,NA
cleveland,Thu, Jan 10,25,12am,25,NA,NA,25,6am,25,NA,NA,25,12pm,25,NA,NA,25,6pm,27,NA,NA
cleveland,Fri, Jan 11,25,12am,27,NA,NA,25,6am,28,NA,NA,27,12pm,30,NA,NA,25,6pm,28,NA,NA
cleveland,Sat, Jan 12,25,12am,27,NA,NA,25,6am,28,NA,NA,27,12pm,32,NA,NA,27,6pm,27,NA,NA
cleveland,Sun, Jan 13,27,12am,27,NA,NA,27,6am,32,NA,NA,28,12pm,34,NA,NA,27,6pm,28,NA,NA
cleveland,Mon, Jan 14,18,12am,27,NA,NA,18,6am,28,NA,NA,25,12pm,28,NA,NA,19,6pm,25,NA,NA
cleveland,Tue, Jan 15,19,12am,25,NA,NA,21,6am,25,NA,NA,21,12pm,25,NA,NA,25,6pm,28,NA,NA
cleveland,Wed, Jan 16,30,12am,30,NA,NA,30,6am,34,NA,NA,28,12pm,34,NA,NA,25,6pm,28,NA,NA
cleveland,Thu, Jan 17,21,12am,25,NA,NA,23,6am,30,NA,NA,30,12pm,32,NA,NA,32,6pm,36,NA,NA
cleveland,Fri, Jan 18,34,12am,36,NA,NA,34,6am,34,NA,NA,32,12pm,34,NA,NA,30,6pm,32,NA,NA
cleveland,Sat, Jan 19,28,12am,30,NA,NA,28,6am,30,NA,NA,27,12pm,28,NA,NA,25,6pm,28,NA,NA
cleveland,Sun, Jan 20,18,12am,21,NA,NA,18,6am,18,NA,NA,12,12pm,18,NA,NA,10,6pm,12,NA,NA
cleveland,Mon, Jan 21,9,12am,10,NA,NA,10,6am,12,NA,NA,10,12pm,12,NA,NA,5,6pm,10,NA,NA
cleveland,Tue, Jan 22,5,12am,10,NA,NA,12,6am,23,NA,NA,27,12pm,32,NA,NA,34,6pm,39,NA,NA
cleveland,Wed, Jan 23,39,12am,43,NA,NA,39,6am,45,NA,NA,45,12pm,48,NA,NA,37,6pm,48,NA,NA
cleveland,Thu, Jan 24,30,12am,34,NA,NA,28,6am,30,NA,NA,27,12pm,30,NA,NA,25,6pm,27,NA,NA
cleveland,Fri, Jan 25,16,12am,25,NA,NA,12,6am,16,NA,NA,14,12pm,16,NA,NA,14,6pm,16,NA,NA
cleveland,Sat, Jan 26,16,12am,16,NA,NA,16,6am,19,NA,NA,21,12pm,25,NA,NA,19,6pm,28,NA,NA
cleveland,Sun, Jan 27,23,12am,34,NA,NA,19,6am,21,NA,NA,16,12pm,21,NA,NA,9,6pm,14,NA,NA
cleveland,Mon, Jan 28,7,12am,12,NA,NA,16,6am,25,NA,NA,28,12pm,39,NA,NA,36,6pm,39,NA,NA
cleveland,Tue, Jan 29,19,12am,34,NA,NA,18,6am,19,NA,NA,14,12pm,19,NA,NA,9,6pm,14,NA,NA
cleveland,Wed, Jan 30,1,12am,9,NA,NA,-2,6am,1,NA,NA,-2,12pm,0,NA,NA,0,6pm,0,NA,NA
cleveland,Thu, Jan 31,-2,12am,0,NA,NA,-2,6am,3,NA,NA,7,12pm,9,NA,NA,7,6pm,9,NA,NA
cleveland,Fri, Feb 1,9,12am,9,NA,NA,9,6am,14,NA,NA,12,12pm,18,NA,NA,10,6pm,12,NA,NA
cleveland,Sat, Feb 2,14,12am,19,NA,NA,19,6am,36,NA,NA,37,12pm,43,NA,NA,34,6pm,37,NA,NA
cleveland,Sun, Feb 3,36,12am,43,NA,NA,41,6am,48,NA,NA,52,12pm,55,NA,NA,43,6pm,52,NA,NA
cleveland,Mon, Feb 4,45,12am,50,NA,NA,45,6am,57,NA,NA,57,12pm,61,NA,NA,54,6pm,55,NA,NA
cleveland,Tue, Feb 5,45,12am,54,NA,NA,39,6am,45,NA,NA,36,12pm,37,NA,NA,34,6pm,36,NA,NA
cleveland,Wed, Feb 6,36,12am,43,NA,NA,45,6am,52,NA,NA,43,12pm,55,NA,NA,34,6pm,45,NA,NA
cleveland,Thu, Feb 7,34,12am,36,NA,NA,36,6am,52,NA,NA,54,12pm,55,NA,NA,45,6pm,61,NA,NA
cleveland,Fri, Feb 8,25,12am,39,NA,NA,19,6am,25,NA,NA,21,12pm,23,NA,NA,18,6pm,19,NA,NA
cleveland,Sat, Feb 9,18,12am,19,NA,NA,18,6am,21,NA,NA,19,12pm,25,NA,NA,18,6pm,19,NA,NA
cleveland,Sun, Feb 10,16,12am,18,NA,NA,18,6am,28,NA,NA,28,12pm,32,NA,NA,28,6pm,30,NA,NA
cleveland,Mon, Feb 11,30,12am,32,NA,NA,30,6am,34,NA,NA,34,12pm,34,NA,NA,32,6pm,34,NA,NA
cleveland,Tue, Feb 12,36,12am,36,NA,NA,36,6am,43,NA,NA,43,12pm,50,NA,NA,32,6pm,41,NA,NA
cleveland,Wed, Feb 13,27,12am,30,NA,NA,25,6am,27,NA,NA,27,12pm,28,NA,NA,27,6pm,28,NA,NA
cleveland,Thu, Feb 14,25,12am,27,NA,NA,27,6am,43,NA,NA,43,12pm,45,NA,NA,45,6pm,46,NA,NA
cleveland,Fri, Feb 15,45,12am,46,NA,NA,36,6am,45,NA,NA,30,12pm,37,NA,NA,25,6pm,28,NA,NA
cleveland,Sat, Feb 16,25,12am,25,NA,NA,25,6am,27,NA,NA,27,12pm,27,NA,NA,27,6pm,27,NA,NA
cleveland,Sun, Feb 17,25,12am,27,NA,NA,25,6am,30,NA,NA,28,12pm,32,NA,NA,28,6pm,30,NA,NA
cleveland,Mon, Feb 18,25,12am,28,NA,NA,23,6am,25,NA,NA,25,12pm,27,NA,NA,19,6pm,23,NA,NA
cleveland,Tue, Feb 19,12,12am,19,NA,NA,12,6am,27,NA,NA,27,12pm,34,NA,NA,27,6pm,28,NA,NA
cleveland,Wed, Feb 20,28,12am,30,NA,NA,28,6am,34,NA,NA,36,12pm,39,NA,NA,39,6pm,45,NA,NA
cleveland,Thu, Feb 21,36,12am,41,NA,NA,36,6am,39,NA,NA,39,12pm,43,NA,NA,36,6pm,37,NA,NA
cleveland,Fri, Feb 22,30,12am,36,NA,NA,30,6am,36,NA,NA,34,12pm,37,NA,NA,30,6pm,32,NA,NA
cleveland,Sat, Feb 23,32,12am,34,NA,NA,34,6am,43,NA,NA,45,12pm,46,NA,NA,45,6pm,46,NA,NA
cleveland,Sun, Feb 24,48,12am,55,NA,NA,39,6am,57,NA,NA,34,12pm,37,NA,NA,28,6pm,34,NA,NA
cleveland,Mon, Feb 25,23,12am,28,NA,NA,21,6am,25,NA,NA,27,12pm,30,NA,NA,27,6pm,27,NA,NA
cleveland,Tue, Feb 26,21,12am,27,NA,NA,21,6am,21,NA,NA,19,12pm,21,NA,NA,19,6pm,21,NA,NA
cleveland,Wed, Feb 27,21,12am,23,NA,NA,25,6am,34,NA,NA,28,12pm,39,NA,NA,25,6pm,28,NA,NA
cleveland,Thu, Feb 28,18,12am,23,NA,NA,18,6am,27,NA,NA,25,12pm,30,NA,NA,23,6pm,25,NA,NA
cleveland,Fri, Mar 1,19,12am,25,NA,NA,19,6am,34,NA,NA,28,12pm,34,NA,NA,25,6pm,28,NA,NA
cleveland,Sat, Mar 2,21,12am,25,NA,NA,21,6am,30,NA,NA,34,12pm,37,NA,NA,30,6pm,34,NA,NA
cleveland,Sun, Mar 3,28,12am,30,NA,NA,27,6am,32,NA,NA,27,12pm,32,NA,NA,21,6pm,27,NA,NA
cleveland,Mon, Mar 4,12,12am,21,NA,NA,12,6am,19,NA,NA,18,12pm,19,NA,NA,10,6pm,16,NA,NA
cleveland,Tue, Mar 5,9,12am,9,NA,NA,9,6am,16,NA,NA,18,12pm,19,NA,NA,16,6pm,18,NA,NA
cleveland,Wed, Mar 6,14,12am,16,NA,NA,12,6am,18,NA,NA,19,12pm,21,NA,NA,19,6pm,19,NA,NA
cleveland,Thu, Mar 7,21,12am,25,NA,NA,23,6am,27,NA,NA,25,12pm,27,NA,NA,21,6pm,23,NA,NA
cleveland,Fri, Mar 8,18,12am,19,NA,NA,19,6am,37,NA,NA,32,12pm,39,NA,NA,25,6pm,30,NA,NA
cleveland,Sat, Mar 9,21,12am,25,NA,NA,25,6am,46,NA,NA,12pm,NA,NA,NA,6pm,NA,NA,NA
cleveland,Sun, Mar 10,12am,NA,NA,NA,39,6am,50,NA,NA,39,12pm,39,NA,NA,37,6pm,39,NA,NA
cleveland,Mon, Mar 11,34,12am,37,NA,NA,32,6am,37,NA,NA,37,12pm,41,NA,NA,34,6pm,39,NA,NA
cleveland,Tue, Mar 12,28,12am,32,NA,NA,27,6am,34,NA,NA,37,12pm,43,NA,NA,30,6pm,37,NA,NA
cleveland,Wed, Mar 13,30,12am,37,NA,NA,37,6am,50,NA,NA,52,12pm,57,NA,NA,52,6pm,55,NA,NA
cleveland,Thu, Mar 14,52,12am,57,NA,NA,54,6am,61,NA,NA,61,12pm,73,NA,NA,57,6pm,66,NA,NA
cleveland,Fri, Mar 15,46,12am,57,NA,NA,45,6am,46,NA,NA,39,12pm,46,NA,NA,37,6pm,41,NA,NA
cleveland,Sat, Mar 16,34,12am,37,NA,NA,34,6am,37,NA,NA,36,12pm,37,NA,NA,34,6pm,37,NA,NA
cleveland,Sun, Mar 17,28,12am,34,NA,NA,28,6am,36,NA,NA,36,12pm,39,NA,NA,34,6pm,34,NA,NA
cleveland,Mon, Mar 18,27,12am,32,NA,NA,28,6am,34,NA,NA,36,12pm,39,NA,NA,28,6pm,39,NA,NA
cleveland,Tue, Mar 19,27,12am,30,NA,NA,28,6am,43,NA,NA,43,12pm,46,NA,NA,34,6pm,43,NA,NA
cleveland,Wed, Mar 20,30,12am,34,NA,NA,32,6am,46,NA,NA,50,12pm,54,NA,NA,45,6pm,48,NA,NA
cleveland,Thu, Mar 21,43,12am,45,NA,NA,43,6am,46,NA,NA,43,12pm,46,NA,NA,37,6pm,45,NA,NA
cleveland,Fri, Mar 22,37,12am,39,NA,NA,36,6am,37,NA,NA,36,12pm,39,NA,NA,32,6pm,36,NA,NA
cleveland,Sat, Mar 23,30,12am,32,NA,NA,28,6am,36,NA,NA,37,12pm,46,NA,NA,34,6pm,41,NA,NA
cleveland,Sun, Mar 24,30,12am,36,NA,NA,34,6am,48,NA,NA,54,12pm,57,NA,NA,46,6pm,54,NA,NA
cleveland,Mon, Mar 25,36,12am,46,NA,NA,34,6am,37,NA,NA,37,12pm,39,NA,NA,30,6pm,37,NA,NA
cleveland,Tue, Mar 26,30,12am,32,NA,NA,30,6am,37,NA,NA,37,12pm,37,NA,NA,30,6pm,37,NA,NA
cleveland,Wed, Mar 27,25,12am,32,NA,NA,23,6am,46,NA,NA,48,12pm,54,NA,NA,43,6pm,46,NA,NA
cleveland,Thu, Mar 28,45,12am,48,NA,NA,46,6am,50,NA,NA,52,12pm,64,NA,NA,55,6pm,64,NA,NA
cleveland,Fri, Mar 29,43,12am,55,NA,NA,39,6am,43,NA,NA,41,12pm,45,NA,NA,43,6pm,48,NA,NA
cleveland,Sat, Mar 30,46,12am,55,NA,NA,54,6am,57,NA,NA,43,12pm,57,NA,NA,34,6pm,41,NA,NA
cleveland,Sun, Mar 31,32,12am,34,NA,NA,27,6am,30,NA,NA,28,12pm,30,NA,NA,28,6pm,30,NA,NA
cleveland,Mon, Apr 1,28,12am,30,NA,NA,27,6am,34,NA,NA,36,12pm,39,NA,NA,34,6pm,39,NA,NA
cleveland,Tue, Apr 2,32,12am,34,NA,NA,34,6am,46,NA,NA,46,12pm,52,NA,NA,46,6pm,50,NA,NA
cleveland,Wed, Apr 3,41,12am,46,NA,NA,41,6am,48,NA,NA,52,12pm,54,NA,NA,46,6pm,54,NA,NA
cleveland,Thu, Apr 4,39,12am,46,NA,NA,41,6am,46,NA,NA,43,12pm,46,NA,NA,43,6pm,46,NA,NA
cleveland,Fri, Apr 5,45,12am,48,NA,NA,46,6am,50,NA,NA,52,12pm,57,NA,NA,52,6pm,57,NA,NA
cleveland,Sat, Apr 6,50,12am,52,NA,NA,48,6am,63,NA,NA,63,12pm,66,NA,NA,54,6pm,61,NA,NA
cleveland,Sun, Apr 7,50,12am,54,NA,NA,50,6am,68,NA,NA,70,12pm,75,NA,NA,64,6pm,68,NA,NA
cleveland,Mon, Apr 8,63,12am,66,NA,NA,61,6am,63,NA,NA,63,12pm,70,NA,NA,57,6pm,66,NA,NA
cleveland,Tue, Apr 9,57,12am,61,NA,NA,55,6am,59,NA,NA,57,12pm,61,NA,NA,50,6pm,61,NA,NA
cleveland,Wed, Apr 10,45,12am,48,NA,NA,39,6am,43,NA,NA,41,12pm,45,NA,NA,39,6pm,43,NA,NA
cleveland,Thu, Apr 11,39,12am,41,NA,NA,39,6am,52,NA,NA,52,12pm,59,NA,NA,48,6pm,64,NA,NA
cleveland,Fri, Apr 12,64,12am,70,NA,NA,61,6am,72,NA,NA,63,12pm,70,NA,NA,61,6pm,66,NA,NA
cleveland,Sat, Apr 13,48,12am,57,NA,NA,48,6am,59,NA,NA,61,12pm,64,NA,NA,52,6pm,61,NA,NA
cleveland,Sun, Apr 14,41,12am,52,NA,NA,39,6am,45,NA,NA,45,12pm,70,NA,NA,43,6pm,54,NA,NA
cleveland,Mon, Apr 15,36,12am,41,NA,NA,36,6am,39,NA,NA,39,12pm,52,NA,NA,43,6pm,52,NA,NA
cleveland,Tue, Apr 16,41,12am,45,NA,NA,45,6am,57,NA,NA,61,12pm,70,NA,NA,46,6pm,68,NA,NA
cleveland,Wed, Apr 17,45,12am,52,NA,NA,45,6am,61,NA,NA,57,12pm,61,NA,NA,63,6pm,68,NA,NA
cleveland,Thu, Apr 18,66,12am,68,NA,NA,64,6am,72,NA,NA,75,12pm,79,NA,NA,61,6pm,77,NA,NA
cleveland,Fri, Apr 19,52,12am,61,NA,NA,43,6am,52,NA,NA,41,12pm,45,NA,NA,41,6pm,43,NA,NA
cleveland,Sat, Apr 20,43,12am,43,NA,NA,43,6am,46,NA,NA,46,12pm,54,NA,NA,43,6pm,45,NA,NA
cleveland,Sun, Apr 21,45,12am,45,NA,NA,45,6am,46,NA,NA,48,12pm,55,NA,NA,50,6pm,55,NA,NA
cleveland,Mon, Apr 22,45,12am,48,NA,NA,45,6am,61,NA,NA,63,12pm,72,NA,NA,61,6pm,66,NA,NA
cleveland,Tue, Apr 23,61,12am,64,NA,NA,61,6am,70,NA,NA,64,12pm,72,NA,NA,52,6pm,61,NA,NA
cleveland,Wed, Apr 24,41,12am,48,NA,NA,39,6am,52,NA,NA,52,12pm,54,NA,NA,52,6pm,52,NA,NA
cleveland,Thu, Apr 25,48,12am,52,NA,NA,52,6am,63,NA,NA,63,12pm,66,NA,NA,61,6pm,61,NA,NA
cleveland,Fri, Apr 26,61,12am,63,NA,NA,48,6am,61,NA,NA,50,12pm,57,NA,NA,52,6pm,55,NA,NA
cleveland,Sat, Apr 27,45,12am,48,NA,NA,43,6am,48,NA,NA,48,12pm,54,NA,NA,45,6pm,52,NA,NA
cleveland,Sun, Apr 28,41,12am,45,NA,NA,41,6am,43,NA,NA,45,12pm,52,NA,NA,43,6pm,50,NA,NA
cleveland,Mon, Apr 29,39,12am,43,NA,NA,41,6am,50,NA,NA,52,12pm,55,NA,NA,48,6pm,54,NA,NA
cleveland,Tue, Apr 30,43,12am,48,NA,NA,45,6am,48,NA,NA,45,12pm,54,NA,NA,48,6pm,52,NA,NA
cleveland,Wed, May 1,46,12am,48,NA,NA,52,6am,75,NA,NA,64,12pm,82,NA,NA,63,6pm,64,NA,NA
cleveland,Thu, May 2,63,12am,63,NA,NA,52,6am,59,NA,NA,63,12pm,70,NA,NA,61,6pm,63,NA,NA
cleveland,Fri, May 3,61,12am,66,NA,NA,52,6am,63,NA,NA,48,12pm,50,NA,NA,46,6pm,48,NA,NA
cleveland,Sat, May 4,46,12am,46,NA,NA,45,6am,50,NA,NA,46,12pm,52,NA,NA,48,6pm,50,NA,NA
cleveland,Sun, May 5,48,12am,50,NA,NA,48,6am,54,NA,NA,54,12pm,63,NA,NA,50,6pm,61,NA,NA
cleveland,Mon, May 6,48,12am,52,NA,NA,48,6am,72,NA,NA,73,12pm,75,NA,NA,66,6pm,73,NA,NA
cleveland,Tue, May 7,50,12am,64,NA,NA,50,6am,55,NA,NA,50,12pm,57,NA,NA,46,6pm,48,NA,NA
cleveland,Wed, May 8,46,12am,48,NA,NA,48,6am,54,NA,NA,54,12pm,61,NA,NA,55,6pm,63,NA,NA
cleveland,Thu, May 9,64,12am,64,NA,NA,64,6am,79,NA,NA,70,12pm,79,NA,NA,66,6pm,72,NA,NA
cleveland,Fri, May 10,61,12am,66,NA,NA,54,6am,57,NA,NA,54,12pm,55,NA,NA,46,6pm,54,NA,NA
cleveland,Sat, May 11,41,12am,45,NA,NA,45,6am,54,NA,NA,52,12pm,54,NA,NA,48,6pm,50,NA,NA
cleveland,Sun, May 12,46,12am,48,NA,NA,48,6am,52,NA,NA,52,12pm,54,NA,NA,48,6pm,52,NA,NA
cleveland,Mon, May 13,46,12am,48,NA,NA,46,6am,48,NA,NA,46,12pm,48,NA,NA,46,6pm,48,NA,NA
cleveland,Tue, May 14,45,12am,46,NA,NA,46,6am,55,NA,NA,55,12pm,63,NA,NA,52,6pm,63,NA,NA
cleveland,Wed, May 15,46,12am,52,NA,NA,48,6am,68,NA,NA,68,12pm,72,NA,NA,61,6pm,70,NA,NA
cleveland,Thu, May 16,55,12am,61,NA,NA,52,6am,72,NA,NA,73,12pm,75,NA,NA,70,6pm,75,NA,NA
cleveland,Fri, May 17,64,12am,68,NA,NA,55,6am,64,NA,NA,55,12pm,61,NA,NA,57,6pm,57,NA,NA
cleveland,Sat, May 18,54,12am,55,NA,NA,52,6am,68,NA,NA,75,12pm,84,NA,NA,72,6pm,79,NA,NA
cleveland,Sun, May 19,72,12am,75,NA,NA,72,6am,84,NA,NA,75,12pm,84,NA,NA,63,6pm,66,NA,NA
cleveland,Mon, May 20,64,12am,66,NA,NA,63,6am,64,NA,NA,57,12pm,63,NA,NA,48,6pm,57,NA,NA
cleveland,Tue, May 21,46,12am,50,NA,NA,48,6am,55,NA,NA,55,12pm,59,NA,NA,54,6pm,61,NA,NA
cleveland,Wed, May 22,54,12am,57,NA,NA,57,6am,70,NA,NA,70,12pm,79,NA,NA,66,6pm,73,NA,NA
cleveland,Thu, May 23,64,12am,70,NA,NA,70,6am,79,NA,NA,81,12pm,82,NA,NA,66,6pm,79,NA,NA
cleveland,Fri, May 24,54,12am,64,NA,NA,55,6am,68,NA,NA,66,12pm,72,NA,NA,64,6pm,68,NA,NA
cleveland,Sat, May 25,63,12am,68,NA,NA,70,6am,84,NA,NA,75,12pm,90,NA,NA,72,6pm,75,NA,NA
cleveland,Sun, May 26,70,12am,70,NA,NA,70,6am,73,NA,NA,66,12pm,75,NA,NA,61,6pm,66,NA,NA
cleveland,Mon, May 27,52,12am,57,NA,NA,54,6am,68,NA,NA,70,12pm,72,NA,NA,64,6pm,68,NA,NA
cleveland,Tue, May 28,64,12am,68,NA,NA,72,6am,81,NA,NA,75,12pm,82,NA,NA,64,6pm,73,NA,NA
cleveland,Wed, May 29,57,12am,64,NA,NA,61,6am,70,NA,NA,61,12pm,70,NA,NA,63,6pm,72,NA,NA
cleveland,Thu, May 30,61,12am,64,NA,NA,64,6am,73,NA,NA,64,12pm,73,NA,NA,63,6pm,64,NA,NA
cleveland,Fri, May 31,57,12am,63,NA,NA,59,6am,73,NA,NA,75,12pm,79,NA,NA,70,6pm,77,NA,NA
cleveland,Sat, Jun 1,64,12am,66,NA,NA,64,6am,79,NA,NA,64,12pm,82,NA,NA,63,6pm,64,NA,NA
cleveland,Sun, Jun 2,61,12am,63,NA,NA,57,6am,63,NA,NA,61,12pm,68,NA,NA,61,6pm,66,NA,NA
cleveland,Mon, Jun 3,52,12am,57,NA,NA,52,6am,57,NA,NA,57,12pm,61,NA,NA,52,6pm,61,NA,NA
cleveland,Tue, Jun 4,50,12am,52,NA,NA,54,6am,72,NA,NA,72,12pm,73,NA,NA,68,6pm,73,NA,NA
cleveland,Wed, Jun 5,63,12am,66,NA,NA,64,6am,70,NA,NA,70,12pm,75,NA,NA,66,6pm,73,NA,NA
cleveland,Thu, Jun 6,57,12am,66,NA,NA,57,6am,61,NA,NA,63,12pm,70,NA,NA,61,6pm,66,NA,NA
cleveland,Fri, Jun 7,55,12am,57,NA,NA,57,6am,72,NA,NA,72,12pm,73,NA,NA,70,6pm,73,NA,NA
cleveland,Sat, Jun 8,64,12am,70,NA,NA,64,6am,79,NA,NA,79,12pm,82,NA,NA,73,6pm,81,NA,NA
cleveland,Sun, Jun 9,70,12am,73,NA,NA,70,6am,81,NA,NA,81,12pm,82,NA,NA,72,6pm,81,NA,NA
cleveland,Mon, Jun 10,68,12am,70,NA,NA,68,6am,75,NA,NA,63,12pm,72,NA,NA,59,6pm,64,NA,NA
cleveland,Tue, Jun 11,50,12am,59,NA,NA,54,6am,70,NA,NA,72,12pm,75,NA,NA,59,6pm,73,NA,NA
cleveland,Wed, Jun 12,55,12am,57,NA,NA,59,6am,72,NA,NA,73,12pm,77,NA,NA,63,6pm,75,NA,NA
cleveland,Thu, Jun 13,63,12am,63,NA,NA,63,6am,68,NA,NA,59,12pm,70,NA,NA,55,6pm,57,NA,NA
cleveland,Fri, Jun 14,50,12am,55,NA,NA,52,6am,68,NA,NA,70,12pm,73,NA,NA,66,6pm,73,NA,NA
cleveland,Sat, Jun 15,64,12am,64,NA,NA,64,6am,66,NA,NA,66,12pm,70,NA,NA,66,6pm,66,NA,NA
cleveland,Sun, Jun 16,66,12am,66,NA,NA,66,6am,68,NA,NA,64,12pm,73,NA,NA,61,6pm,63,NA,NA
cleveland,Mon, Jun 17,63,12am,63,NA,NA,63,6am,66,NA,NA,66,12pm,70,NA,NA,64,6pm,66,NA,NA
cleveland,Tue, Jun 18,63,12am,64,NA,NA,63,6am,72,NA,NA,73,12pm,75,NA,NA,64,6pm,73,NA,NA
cleveland,Wed, Jun 19,61,12am,64,NA,NA,63,6am,79,NA,NA,77,12pm,79,NA,NA,70,6pm,73,NA,NA
cleveland,Thu, Jun 20,66,12am,70,NA,NA,64,6am,70,NA,NA,66,12pm,72,NA,NA,63,6pm,66,NA,NA
cleveland,Fri, Jun 21,61,12am,63,NA,NA,61,6am,72,NA,NA,73,12pm,75,NA,NA,63,6pm,75,NA,NA
cleveland,Sat, Jun 22,55,12am,63,NA,NA,57,6am,72,NA,NA,72,12pm,73,NA,NA,63,6pm,75,NA,NA
cleveland,Sun, Jun 23,54,12am,57,NA,NA,55,6am,77,NA,NA,79,12pm,81,NA,NA,72,6pm,79,NA,NA
cleveland,Mon, Jun 24,72,12am,73,NA,NA,73,6am,81,NA,NA,79,12pm,82,NA,NA,70,6pm,75,NA,NA
cleveland,Tue, Jun 25,66,12am,70,NA,NA,66,6am,79,NA,NA,81,12pm,84,NA,NA,73,6pm,84,NA,NA
cleveland,Wed, Jun 26,70,12am,73,NA,NA,70,6am,82,NA,NA,84,12pm,88,NA,NA,73,6pm,86,NA,NA
cleveland,Thu, Jun 27,70,12am,72,NA,NA,72,6am,84,NA,NA,81,12pm,88,NA,NA,73,6pm,82,NA,NA
cleveland,Fri, Jun 28,70,12am,72,NA,NA,70,6am,88,NA,NA,81,12pm,90,NA,NA,72,6pm,84,NA,NA
cleveland,Sat, Jun 29,72,12am,73,NA,NA,73,6am,86,NA,NA,88,12pm,90,NA,NA,75,6pm,86,NA,NA
cleveland,Sun, Jun 30,68,12am,75,NA,NA,70,6am,79,NA,NA,77,12pm,79,NA,NA,70,6pm,79,NA,NA
cleveland,Mon, Jul 1,61,12am,66,NA,NA,61,6am,81,NA,NA,82,12pm,88,NA,NA,81,6pm,88,NA,NA
cleveland,Tue, Jul 2,73,12am,79,NA,NA,73,6am,88,NA,NA,79,12pm,90,NA,NA,72,6pm,79,NA,NA
cleveland,Wed, Jul 3,72,12am,72,NA,NA,72,6am,82,NA,NA,82,12pm,84,NA,NA,77,6pm,82,NA,NA
cleveland,Thu, Jul 4,73,12am,75,NA,NA,73,6am,84,NA,NA,79,12pm,88,NA,NA,79,6pm,88,NA,NA
cleveland,Fri, Jul 5,73,12am,77,NA,NA,75,6am,90,NA,NA,75,12pm,91,NA,NA,77,6pm,82,NA,NA
cleveland,Sat, Jul 6,73,12am,77,NA,NA,75,6am,86,NA,NA,82,12pm,90,NA,NA,79,6pm,81,NA,NA
cleveland,Sun, Jul 7,75,12am,77,NA,NA,75,6am,81,NA,NA,75,12pm,81,NA,NA,73,6pm,75,NA,NA
cleveland,Mon, Jul 8,70,12am,72,NA,NA,70,6am,77,NA,NA,75,12pm,79,NA,NA,66,6pm,75,NA,NA
cleveland,Tue, Jul 9,59,12am,66,NA,NA,64,6am,79,NA,NA,79,12pm,82,NA,NA,73,6pm,79,NA,NA
cleveland,Wed, Jul 10,70,12am,75,NA,NA,72,6am,90,NA,NA,90,12pm,93,NA,NA,82,6pm,88,NA,NA
cleveland,Thu, Jul 11,79,12am,82,NA,NA,75,6am,82,NA,NA,84,12pm,88,NA,NA,73,6pm,86,NA,NA
cleveland,Fri, Jul 12,68,12am,73,NA,NA,70,6am,75,NA,NA,75,12pm,79,NA,NA,66,6pm,77,NA,NA
cleveland,Sat, Jul 13,63,12am,66,NA,NA,64,6am,84,NA,NA,88,12pm,91,NA,NA,79,6pm,90,NA,NA
cleveland,Sun, Jul 14,72,12am,79,NA,NA,72,6am,77,NA,NA,79,12pm,82,NA,NA,66,6pm,81,NA,NA
cleveland,Mon, Jul 15,63,12am,66,NA,NA,64,6am,84,NA,NA,88,12pm,91,NA,NA,75,6pm,88,NA,NA
cleveland,Tue, Jul 16,75,12am,75,NA,NA,75,6am,84,NA,NA,82,12pm,88,NA,NA,73,6pm,84,NA,NA
cleveland,Wed, Jul 17,72,12am,73,NA,NA,73,6am,77,NA,NA,75,12pm,84,NA,NA,77,6pm,82,NA,NA
cleveland,Thu, Jul 18,70,12am,75,NA,NA,70,6am,86,NA,NA,88,12pm,90,NA,NA,81,6pm,86,NA,NA
cleveland,Fri, Jul 19,79,12am,81,NA,NA,79,6am,88,NA,NA,90,12pm,93,NA,NA,84,6pm,91,NA,NA
cleveland,Sat, Jul 20,81,12am,84,NA,NA,77,6am,86,NA,NA,90,12pm,95,NA,NA,81,6pm,93,NA,NA
cleveland,Sun, Jul 21,75,12am,82,NA,NA,75,6am,84,NA,NA,81,12pm,88,NA,NA,72,6pm,79,NA,NA
cleveland,Mon, Jul 22,70,12am,72,NA,NA,66,6am,70,NA,NA,73,12pm,75,NA,NA,70,6pm,75,NA,NA
cleveland,Tue, Jul 23,70,12am,72,NA,NA,68,6am,75,NA,NA,75,12pm,75,NA,NA,66,6pm,75,NA,NA
cleveland,Wed, Jul 24,63,12am,64,NA,NA,64,6am,73,NA,NA,73,12pm,75,NA,NA,64,6pm,73,NA,NA
cleveland,Thu, Jul 25,61,12am,63,NA,NA,61,6am,81,NA,NA,81,12pm,81,NA,NA,68,6pm,81,NA,NA
cleveland,Fri, Jul 26,63,12am,68,NA,NA,63,6am,81,NA,NA,81,12pm,82,NA,NA,70,6pm,82,NA,NA
cleveland,Sat, Jul 27,64,12am,68,NA,NA,66,6am,84,NA,NA,84,12pm,86,NA,NA,79,6pm,84,NA,NA
cleveland,Sun, Jul 28,73,12am,75,NA,NA,73,6am,84,NA,NA,86,12pm,90,NA,NA,79,6pm,84,NA,NA
cleveland,Mon, Jul 29,73,12am,75,NA,NA,73,6am,84,NA,NA,84,12pm,90,NA,NA,75,6pm,86,NA,NA
cleveland,Tue, Jul 30,72,12am,73,NA,NA,72,6am,81,NA,NA,79,12pm,84,NA,NA,72,6pm,84,NA,NA
cleveland,Wed, Jul 31,70,12am,72,NA,NA,70,6am,81,NA,NA,75,12pm,79,NA,NA,70,6pm,77,NA,NA
cleveland,Thu, Aug 1,63,12am,70,NA,NA,63,6am,81,NA,NA,79,12pm,82,NA,NA,70,6pm,79,NA,NA
cleveland,Fri, Aug 2,63,12am,66,NA,NA,64,6am,79,NA,NA,81,12pm,82,NA,NA,70,6pm,79,NA,NA
cleveland,Sat, Aug 3,61,12am,66,NA,NA,63,6am,81,NA,NA,81,12pm,82,NA,NA,66,6pm,81,NA,NA
cleveland,Sun, Aug 4,64,12am,66,NA,NA,64,6am,84,NA,NA,82,12pm,88,NA,NA,72,6pm,82,NA,NA
cleveland,Mon, Aug 5,66,12am,72,NA,NA,66,6am,84,NA,NA,84,12pm,88,NA,NA,72,6pm,84,NA,NA
cleveland,Tue, Aug 6,72,12am,73,NA,NA,70,6am,86,NA,NA,72,12pm,86,NA,NA,70,6pm,72,NA,NA
cleveland,Wed, Aug 7,66,12am,70,NA,NA,66,6am,73,NA,NA,77,12pm,81,NA,NA,70,6pm,81,NA,NA
cleveland,Thu, Aug 8,66,12am,70,NA,NA,68,6am,81,NA,NA,81,12pm,82,NA,NA,66,6pm,81,NA,NA
cleveland,Fri, Aug 9,63,12am,72,NA,NA,63,6am,77,NA,NA,79,12pm,81,NA,NA,64,6pm,79,NA,NA
cleveland,Sat, Aug 10,61,12am,64,NA,NA,63,6am,77,NA,NA,75,12pm,79,NA,NA,63,6pm,75,NA,NA
cleveland,Sun, Aug 11,61,12am,64,NA,NA,61,6am,81,NA,NA,79,12pm,81,NA,NA,70,6pm,81,NA,NA
cleveland,Mon, Aug 12,66,12am,70,NA,NA,66,6am,81,NA,NA,73,12pm,79,NA,NA,73,6pm,79,NA,NA
cleveland,Tue, Aug 13,70,12am,73,NA,NA,70,6am,75,NA,NA,75,12pm,79,NA,NA,73,6pm,75,NA,NA
cleveland,Wed, Aug 14,64,12am,72,NA,NA,66,6am,79,NA,NA,77,12pm,81,NA,NA,72,6pm,77,NA,NA
cleveland,Thu, Aug 15,66,12am,72,NA,NA,66,6am,81,NA,NA,73,12pm,81,NA,NA,70,6pm,79,NA,NA
cleveland,Fri, Aug 16,70,12am,72,NA,NA,70,6am,75,NA,NA,79,12pm,81,NA,NA,70,6pm,81,NA,NA
cleveland,Sat, Aug 17,70,12am,73,NA,NA,73,6am,81,NA,NA,73,12pm,86,NA,NA,75,6pm,81,NA,NA
cleveland,Sun, Aug 18,72,12am,75,NA,NA,68,6am,81,NA,NA,81,12pm,91,NA,NA,77,6pm,82,NA,NA
cleveland,Mon, Aug 19,66,12am,70,NA,NA,66,6am,79,NA,NA,81,12pm,82,NA,NA,72,6pm,81,NA,NA
cleveland,Tue, Aug 20,70,12am,72,NA,NA,70,6am,84,NA,NA,88,12pm,90,NA,NA,73,6pm,84,NA,NA
cleveland,Wed, Aug 21,72,12am,73,NA,NA,72,6am,81,NA,NA,81,12pm,86,NA,NA,75,6pm,82,NA,NA
cleveland,Thu, Aug 22,70,12am,73,NA,NA,70,6am,70,NA,NA,70,12pm,73,NA,NA,66,6pm,72,NA,NA
cleveland,Fri, Aug 23,63,12am,64,NA,NA,63,6am,72,NA,NA,72,12pm,73,NA,NA,66,6pm,72,NA,NA
cleveland,Sat, Aug 24,63,12am,68,NA,NA,63,6am,72,NA,NA,70,12pm,73,NA,NA,64,6pm,72,NA,NA
cleveland,Sun, Aug 25,57,12am,63,NA,NA,57,6am,73,NA,NA,75,12pm,77,NA,NA,64,6pm,75,NA,NA
cleveland,Mon, Aug 26,63,12am,64,NA,NA,63,6am,75,NA,NA,75,12pm,81,NA,NA,66,6pm,70,NA,NA
cleveland,Tue, Aug 27,66,12am,68,NA,NA,68,6am,73,NA,NA,73,12pm,73,NA,NA,70,6pm,73,NA,NA
cleveland,Wed, Aug 28,64,12am,72,NA,NA,64,6am,77,NA,NA,73,12pm,79,NA,NA,66,6pm,73,NA,NA
cleveland,Thu, Aug 29,57,12am,63,NA,NA,57,6am,75,NA,NA,77,12pm,81,NA,NA,72,6pm,79,NA,NA
cleveland,Fri, Aug 30,70,12am,72,NA,NA,68,6am,75,NA,NA,77,12pm,81,NA,NA,64,6pm,75,NA,NA
cleveland,Sat, Aug 31,57,12am,63,NA,NA,63,6am,72,NA,NA,70,12pm,73,NA,NA,66,6pm,70,NA,NA
cleveland,Sun, Sep 1,64,12am,66,NA,NA,64,6am,75,NA,NA,70,12pm,79,NA,NA,66,6pm,70,NA,NA
cleveland,Mon, Sep 2,66,12am,66,NA,NA,66,6am,72,NA,NA,73,12pm,79,NA,NA,70,6pm,77,NA,NA
cleveland,Tue, Sep 3,63,12am,68,NA,NA,63,6am,81,NA,NA,81,12pm,82,NA,NA,75,6pm,79,NA,NA
cleveland,Wed, Sep 4,72,12am,75,NA,NA,70,6am,75,NA,NA,70,12pm,73,NA,NA,61,6pm,70,NA,NA
cleveland,Thu, Sep 5,54,12am,57,NA,NA,52,6am,72,NA,NA,72,12pm,73,NA,NA,54,6pm,70,NA,NA
cleveland,Fri, Sep 6,52,12am,55,NA,NA,52,6am,73,NA,NA,70,12pm,73,NA,NA,68,6pm,70,NA,NA
cleveland,Sat, Sep 7,61,12am,66,NA,NA,61,6am,70,NA,NA,72,12pm,75,NA,NA,63,6pm,72,NA,NA
cleveland,Sun, Sep 8,61,12am,64,NA,NA,61,6am,72,NA,NA,68,12pm,73,NA,NA,64,6pm,66,NA,NA
cleveland,Mon, Sep 9,63,12am,63,NA,NA,61,6am,73,NA,NA,73,12pm,77,NA,NA,64,6pm,72,NA,NA
cleveland,Tue, Sep 10,61,12am,64,NA,NA,64,6am,81,NA,NA,84,12pm,90,NA,NA,79,6pm,86,NA,NA
cleveland,Wed, Sep 11,72,12am,79,NA,NA,72,6am,88,NA,NA,84,12pm,93,NA,NA,73,6pm,84,NA,NA
cleveland,Thu, Sep 12,70,12am,73,NA,NA,70,6am,75,NA,NA,75,12pm,77,NA,NA,66,6pm,73,NA,NA
cleveland,Fri, Sep 13,66,12am,68,NA,NA,70,6am,82,NA,NA,88,12pm,91,NA,NA,73,6pm,90,NA,NA
cleveland,Sat, Sep 14,64,12am,73,NA,NA,63,6am,73,NA,NA,73,12pm,77,NA,NA,63,6pm,73,NA,NA
cleveland,Sun, Sep 15,61,12am,64,NA,NA,59,6am,73,NA,NA,73,12pm,75,NA,NA,70,6pm,75,NA,NA
cleveland,Mon, Sep 16,66,12am,70,NA,NA,66,6am,79,NA,NA,75,12pm,81,NA,NA,70,6pm,73,NA,NA
cleveland,Tue, Sep 17,64,12am,70,NA,NA,64,6am,73,NA,NA,73,12pm,75,NA,NA,64,6pm,72,NA,NA
cleveland,Wed, Sep 18,61,12am,63,NA,NA,61,6am,77,NA,NA,79,12pm,81,NA,NA,64,6pm,75,NA,NA
cleveland,Thu, Sep 19,61,12am,64,NA,NA,61,6am,77,NA,NA,68,12pm,82,NA,NA,70,6pm,79,NA,NA
cleveland,Fri, Sep 20,63,12am,64,NA,NA,61,6am,81,NA,NA,82,12pm,84,NA,NA,72,6pm,82,NA,NA
cleveland,Sat, Sep 21,66,12am,72,NA,NA,66,6am,82,NA,NA,84,12pm,90,NA,NA,73,6pm,82,NA,NA
cleveland,Sun, Sep 22,73,12am,75,NA,NA,73,6am,88,NA,NA,88,12pm,90,NA,NA,79,6pm,84,NA,NA
cleveland,Mon, Sep 23,70,12am,79,NA,NA,70,6am,75,NA,NA,75,12pm,79,NA,NA,66,6pm,72,NA,NA
cleveland,Tue, Sep 24,55,12am,66,NA,NA,54,6am,70,NA,NA,72,12pm,77,NA,NA,64,6pm,72,NA,NA
cleveland,Wed, Sep 25,61,12am,64,NA,NA,57,6am,79,NA,NA,77,12pm,82,NA,NA,70,6pm,72,NA,NA
cleveland,Thu, Sep 26,64,12am,72,NA,NA,64,6am,73,NA,NA,70,12pm,73,NA,NA,54,6pm,66,NA,NA
cleveland,Fri, Sep 27,50,12am,54,NA,NA,52,6am,77,NA,NA,79,12pm,84,NA,NA,68,6pm,81,NA,NA
cleveland,Sat, Sep 28,66,12am,77,NA,NA,66,6am,79,NA,NA,72,12pm,82,NA,NA,66,6pm,70,NA,NA
cleveland,Sun, Sep 29,66,12am,66,NA,NA,66,6am,72,NA,NA,70,12pm,72,NA,NA,68,6pm,72,NA,NA
cleveland,Mon, Sep 30,66,12am,68,NA,NA,66,6am,73,NA,NA,73,12pm,84,NA,NA,73,6pm,82,NA,NA
cleveland,Tue, Oct 1,73,12am,75,NA,NA,72,6am,88,NA,NA,88,12pm,93,NA,NA,77,6pm,84,NA,NA
cleveland,Wed, Oct 2,73,12am,77,NA,NA,72,6am,82,NA,NA,70,12pm,82,NA,NA,64,6pm,70,NA,NA
cleveland,Thu, Oct 3,63,12am,64,NA,NA,63,6am,81,NA,NA,72,12pm,82,NA,NA,64,6pm,72,NA,NA
cleveland,Fri, Oct 4,59,12am,63,NA,NA,57,6am,61,NA,NA,57,12pm,61,NA,NA,54,6pm,57,NA,NA
cleveland,Sat, Oct 5,45,12am,52,NA,NA,45,6am,61,NA,NA,63,12pm,70,NA,NA,55,6pm,64,NA,NA
cleveland,Sun, Oct 6,59,12am,64,NA,NA,63,6am,72,NA,NA,70,12pm,73,NA,NA,61,6pm,66,NA,NA
cleveland,Mon, Oct 7,57,12am,59,NA,NA,55,6am,61,NA,NA,63,12pm,63,NA,NA,52,6pm,61,NA,NA
cleveland,Tue, Oct 8,46,12am,52,NA,NA,45,6am,68,NA,NA,66,12pm,72,NA,NA,55,6pm,64,NA,NA
cleveland,Wed, Oct 9,48,12am,54,NA,NA,48,6am,64,NA,NA,66,12pm,72,NA,NA,54,6pm,66,NA,NA
cleveland,Thu, Oct 10,48,12am,52,NA,NA,52,6am,70,NA,NA,72,12pm,75,NA,NA,61,6pm,66,NA,NA
cleveland,Fri, Oct 11,61,12am,63,NA,NA,61,6am,73,NA,NA,75,12pm,81,NA,NA,66,6pm,75,NA,NA
cleveland,Sat, Oct 12,48,12am,68,NA,NA,45,6am,46,NA,NA,50,12pm,54,NA,NA,45,6pm,50,NA,NA
cleveland,Sun, Oct 13,45,12am,46,NA,NA,45,6am,59,NA,NA,64,12pm,68,NA,NA,59,6pm,63,NA,NA
cleveland,Mon, Oct 14,46,12am,57,NA,NA,46,6am,54,NA,NA,54,12pm,57,NA,NA,43,6pm,52,NA,NA
cleveland,Tue, Oct 15,37,12am,43,NA,NA,37,6am,61,NA,NA,64,12pm,70,NA,NA,61,6pm,66,NA,NA
cleveland,Wed, Oct 16,59,12am,64,NA,NA,50,6am,55,NA,NA,48,12pm,52,NA,NA,48,6pm,52,NA,NA
cleveland,Thu, Oct 17,48,12am,48,NA,NA,48,6am,48,NA,NA,50,12pm,52,NA,NA,50,6pm,52,NA,NA
cleveland,Fri, Oct 18,48,12am,52,NA,NA,48,6am,54,NA,NA,54,12pm,55,NA,NA,43,6pm,48,NA,NA
cleveland,Sat, Oct 19,37,12am,43,NA,NA,39,6am,59,NA,NA,61,12pm,64,NA,NA,48,6pm,57,NA,NA
cleveland,Sun, Oct 20,46,12am,52,NA,NA,50,6am,66,NA,NA,66,12pm,72,NA,NA,57,6pm,61,NA,NA
cleveland,Mon, Oct 21,50,12am,54,NA,NA,54,6am,72,NA,NA,70,12pm,75,NA,NA,64,6pm,73,NA,NA
cleveland,Tue, Oct 22,61,12am,63,NA,NA,57,6am,64,NA,NA,57,12pm,66,NA,NA,52,6pm,57,NA,NA
cleveland,Wed, Oct 23,46,12am,52,NA,NA,45,6am,55,NA,NA,57,12pm,63,NA,NA,54,6pm,57,NA,NA
cleveland,Thu, Oct 24,52,12am,55,NA,NA,55,6am,61,NA,NA,55,12pm,64,NA,NA,50,6pm,54,NA,NA
cleveland,Fri, Oct 25,48,12am,52,NA,NA,50,6am,55,NA,NA,54,12pm,57,NA,NA,46,6pm,54,NA,NA
cleveland,Sat, Oct 26,43,12am,45,NA,NA,43,6am,52,NA,NA,52,12pm,54,NA,NA,55,6pm,57,NA,NA
cleveland,Sun, Oct 27,57,12am,63,NA,NA,54,6am,61,NA,NA,54,12pm,57,NA,NA,46,6pm,54,NA,NA
cleveland,Mon, Oct 28,41,12am,46,NA,NA,43,6am,61,NA,NA,64,12pm,66,NA,NA,46,6pm,61,NA,NA
cleveland,Tue, Oct 29,43,12am,46,NA,NA,45,6am,61,NA,NA,61,12pm,63,NA,NA,55,6pm,61,NA,NA
cleveland,Wed, Oct 30,54,12am,55,NA,NA,52,6am,57,NA,NA,57,12pm,59,NA,NA,6pm,NA,NA,NA
cleveland,Thu, Oct 31,61,12am,61,NA,NA,61,6am,64,NA,NA,52,12pm,64,NA,NA,37,6pm,46,NA,NA
cleveland,Fri, Nov 1,36,12am,37,NA,NA,34,6am,37,NA,NA,37,12pm,41,NA,NA,32,6pm,37,NA,NA
cleveland,Sat, Nov 2,32,12am,39,NA,NA,39,6am,46,NA,NA,41,12pm,46,NA,NA,37,6pm,43,NA,NA
cleveland,Sun, Nov 3,36,12am,39,NA,NA,36,6am,45,NA,NA,43,12pm,48,NA,NA,41,6pm,43,NA,NA
cleveland,Mon, Nov 4,45,12am,46,NA,NA,43,6am,55,NA,NA,55,12pm,57,NA,NA,54,6pm,55,NA,NA
cleveland,Tue, Nov 5,46,12am,54,NA,NA,46,6am,50,NA,NA,43,12pm,48,NA,NA,36,6pm,43,NA,NA
cleveland,Wed, Nov 6,30,12am,34,NA,NA,30,6am,45,NA,NA,45,12pm,50,NA,NA,48,6pm,48,NA,NA
cleveland,Thu, Nov 7,43,12am,48,NA,NA,37,6am,41,NA,NA,34,12pm,37,NA,NA,34,6pm,36,NA,NA
cleveland,Fri, Nov 8,30,12am,30,NA,NA,27,6am,34,NA,NA,28,12pm,36,NA,NA,25,6pm,28,NA,NA
cleveland,Sat, Nov 9,27,12am,28,NA,NA,28,6am,36,NA,NA,37,12pm,39,NA,NA,37,6pm,37,NA,NA
cleveland,Sun, Nov 10,39,12am,41,NA,NA,41,6am,52,NA,NA,46,12pm,54,NA,NA,45,6pm,46,NA,NA
cleveland,Mon, Nov 11,41,12am,45,NA,NA,39,6am,43,NA,NA,37,12pm,43,NA,NA,34,6pm,37,NA,NA
cleveland,Tue, Nov 12,28,12am,34,NA,NA,27,6am,28,NA,NA,27,12pm,27,NA,NA,21,6pm,23,NA,NA
cleveland,Wed, Nov 13,16,12am,21,NA,NA,12,6am,23,NA,NA,25,12pm,27,NA,NA,27,6pm,28,NA,NA
cleveland,Thu, Nov 14,27,12am,30,NA,NA,30,6am,34,NA,NA,36,12pm,36,NA,NA,34,6pm,36,NA,NA
cleveland,Fri, Nov 15,30,12am,32,NA,NA,30,6am,36,NA,NA,36,12pm,37,NA,NA,36,6pm,37,NA,NA
cleveland,Sat, Nov 16,36,12am,37,NA,NA,34,6am,37,NA,NA,36,12pm,39,NA,NA,30,6pm,36,NA,NA
cleveland,Sun, Nov 17,28,12am,30,NA,NA,28,6am,45,NA,NA,43,12pm,48,NA,NA,41,6pm,43,NA,NA
cleveland,Mon, Nov 18,39,12am,41,NA,NA,37,6am,48,NA,NA,43,12pm,52,NA,NA,34,6pm,43,NA,NA
cleveland,Tue, Nov 19,32,12am,36,NA,NA,37,6am,43,NA,NA,43,12pm,43,NA,NA,39,6pm,43,NA,NA
cleveland,Wed, Nov 20,37,12am,39,NA,NA,37,6am,45,NA,NA,43,12pm,45,NA,NA,39,6pm,43,NA,NA
cleveland,Thu, Nov 21,36,12am,37,NA,NA,37,6am,48,NA,NA,50,12pm,54,NA,NA,52,6pm,54,NA,NA
cleveland,Fri, Nov 22,43,12am,52,NA,NA,37,6am,41,NA,NA,36,12pm,39,NA,NA,27,6pm,34,NA,NA
cleveland,Sat, Nov 23,25,12am,27,NA,NA,27,6am,43,NA,NA,41,12pm,45,NA,NA,37,6pm,43,NA,NA
cleveland,Sun, Nov 24,32,12am,37,NA,NA,30,6am,39,NA,NA,41,12pm,45,NA,NA,39,6pm,43,NA,NA
cleveland,Mon, Nov 25,41,12am,43,NA,NA,41,6am,48,NA,NA,52,12pm,55,NA,NA,48,6pm,50,NA,NA
cleveland,Tue, Nov 26,45,12am,48,NA,NA,45,6am,57,NA,NA,54,12pm,61,NA,NA,52,6pm,54,NA,NA
cleveland,Wed, Nov 27,48,12am,55,NA,NA,50,6am,57,NA,NA,39,12pm,52,NA,NA,39,6pm,41,NA,NA
cleveland,Thu, Nov 28,37,12am,39,NA,NA,37,6am,39,NA,NA,37,12pm,39,NA,NA,36,6pm,37,NA,NA
cleveland,Fri, Nov 29,36,12am,36,NA,NA,36,6am,37,NA,NA,36,12pm,37,NA,NA,36,6pm,36,NA,NA
cleveland,Sat, Nov 30,36,12am,36,NA,NA,36,6am,41,NA,NA,41,12pm,43,NA,NA,41,6pm,43,NA,NA
cleveland,Sun, Dec 1,39,12am,43,NA,NA,41,6am,55,NA,NA,41,12pm,55,NA,NA,36,6pm,41,NA,NA
cleveland,Mon, Dec 2,36,12am,37,NA,NA,36,6am,37,NA,NA,36,12pm,36,NA,NA,34,6pm,37,NA,NA
cleveland,Tue, Dec 3,34,12am,36,NA,NA,30,6am,34,NA,NA,34,12pm,34,NA,NA,32,6pm,34,NA,NA
cleveland,Wed, Dec 4,36,12am,36,NA,NA,36,6am,37,NA,NA,36,12pm,37,NA,NA,34,6pm,36,NA,NA
cleveland,Thu, Dec 5,34,12am,36,NA,NA,34,6am,37,NA,NA,37,12pm,39,NA,NA,34,6pm,34,NA,NA
cleveland,Fri, Dec 6,37,12am,43,NA,NA,43,6am,46,NA,NA,37,12pm,43,NA,NA,34,6pm,37,NA,NA
cleveland,Sat, Dec 7,32,12am,34,NA,NA,32,6am,37,NA,NA,34,12pm,39,NA,NA,30,6pm,34,NA,NA
cleveland,Sun, Dec 8,30,12am,34,NA,NA,30,6am,46,NA,NA,48,12pm,50,NA,NA,50,6pm,52,NA,NA
cleveland,Mon, Dec 9,52,12am,52,NA,NA,48,6am,50,NA,NA,52,12pm,54,NA,NA,54,6pm,54,NA,NA
cleveland,Tue, Dec 10,37,12am,52,NA,NA,30,6am,37,NA,NA,28,12pm,30,NA,NA,23,6pm,28,NA,NA
cleveland,Wed, Dec 11,19,12am,21,NA,NA,19,6am,27,NA,NA,25,12pm,28,NA,NA,21,6pm,25,NA,NA
cleveland,Thu, Dec 12,18,12am,21,NA,NA,19,6am,36,NA,NA,36,12pm,37,NA,NA,36,6pm,36,NA,NA
cleveland,Fri, Dec 13,34,12am,36,NA,NA,34,6am,43,NA,NA,43,12pm,46,NA,NA,37,6pm,41,NA,NA
cleveland,Sat, Dec 14,37,12am,39,NA,NA,39,6am,39,NA,NA,36,12pm,39,NA,NA,36,6pm,37,NA,NA
cleveland,Sun, Dec 15,30,12am,37,NA,NA,30,6am,34,NA,NA,30,12pm,34,NA,NA,28,6pm,30,NA,NA
cleveland,Mon, Dec 16,28,12am,30,NA,NA,30,6am,36,NA,NA,36,12pm,37,NA,NA,36,6pm,36,NA,NA
cleveland,Tue, Dec 17,34,12am,36,NA,NA,32,6am,34,NA,NA,27,12pm,32,NA,NA,25,6pm,27,NA,NA
cleveland,Wed, Dec 18,25,12am,27,NA,NA,25,6am,27,NA,NA,21,12pm,21,NA,NA,19,6pm,21,NA,NA
cleveland,Thu, Dec 19,14,12am,18,NA,NA,12,6am,21,NA,NA,25,12pm,28,NA,NA,25,6pm,28,NA,NA
cleveland,Fri, Dec 20,16,12am,23,NA,NA,18,6am,36,NA,NA,34,12pm,37,NA,NA,28,6pm,32,NA,NA
cleveland,Sat, Dec 21,27,12am,30,NA,NA,30,6am,43,NA,NA,43,12pm,48,NA,NA,36,6pm,39,NA,NA
cleveland,Sun, Dec 22,36,12am,36,NA,NA,34,6am,48,NA,NA,46,12pm,54,NA,NA,41,6pm,46,NA,NA
cleveland,Mon, Dec 23,37,12am,39,NA,NA,37,6am,54,NA,NA,50,12pm,57,NA,NA,39,6pm,46,NA,NA
cleveland,Tue, Dec 24,34,12am,37,NA,NA,36,6am,37,NA,NA,37,12pm,39,NA,NA,36,6pm,37,NA,NA
cleveland,Wed, Dec 25,34,12am,36,NA,NA,34,6am,48,NA,NA,52,12pm,57,NA,NA,45,6pm,48,NA,NA
cleveland,Thu, Dec 26,46,12am,52,NA,NA,54,6am,63,NA,NA,63,12pm,64,NA,NA,57,6pm,61,NA,NA
cleveland,Fri, Dec 27,55,12am,57,NA,NA,55,6am,61,NA,NA,43,12pm,57,NA,NA,39,6pm,43,NA,NA
cleveland,Sat, Dec 28,37,12am,39,NA,NA,37,6am,43,NA,NA,37,12pm,46,NA,NA,37,6pm,43,NA,NA
cleveland,Sun, Dec 29,46,12am,50,NA,NA,48,6am,55,NA,NA,55,12pm,59,NA,NA,55,6pm,57,NA,NA
cleveland,Mon, Dec 30,55,12am,61,NA,NA,45,6am,54,NA,NA,37,12pm,45,NA,NA,37,6pm,39,NA,NA
cleveland,Tue, Dec 31,36,12am,37,NA,NA,34,6am,37,NA,NA,30,12pm,34,NA,NA,28,6pm,30,NA,NA